tab,expected_count,actual_count,search_items
minecraft:building_blocks,1342,1342,1344
minecraft:colored_blocks,862,862,862
minecraft:natural_blocks,623,623,624
minecraft:functional_blocks,1085,1085,1089
minecraft:redstone_blocks,299,299,299
minecraft:hotbar,0,0,0
minecraft:tools_and_utilities,619,619,865
minecraft:combat,375,375,378
minecraft:food_and_drinks,1183,1183,1247
minecraft:ingredients,807,807,810
minecraft:spawn_eggs,204,204,204
minecraft:op_blocks,14,14,14
minecraft:inventory,0,0,0
cccbridge:cccbridge_group,5,5,5
valhelsia_furniture:main,732,732,732
guardribbits:general,1,1,1
yungscavebiomes:general,30,30,30
ribbits:general,20,20,20
mcwstairs:mcwstairs,224,224,224
fdbosses:main,25,25,25
create_new_age:tab,50,50,50
refinedstorage:general,333,333,333
handcrafted:main,285,285,285
fantasy_armor:fa_tab,109,109,109
botania:botania,937,937,952
philipsruins:philipsruins,34,34,34
jewelcraft:jewelry,66,66,66
queen_bee:queen_bee_tab,4,4,4
cfm:creative_tab,452,452,467
the_bumblezone:main_tab,154,154,154
arsdelight:arsdelight,79,79,79
goblins_tyranny:goblins_tyranny,91,91,91
mcwlights:mcwlights,140,140,140
mutantmonsters:main,25,25,25
blastfromthepast:blastfromthepast,120,120,120
dungeonnowloading:main,156,156,156
untamedwilds:untamedwilds,150,150,326
good_nights_sleep:all_items,183,183,183
additional_lights:creative_tab,147,147,147
tinkers_delight:tinkers_delight_tab_common,108,108,108
tinkers_delight:tinkers_delight_tab_tool,0,0,55
clanginghowl:clanginghowl,98,98,102
mysticsbiomes:tab,256,256,256
the_afterdark:afterdark,2,2,2
oddities:oddities,16,16,16
securitycraft:technical,94,94,95
securitycraft:mine,42,42,42
securitycraft:decoration,532,532,532
tarantula:tarantula_tab,103,103,103
oceanicrealms:oceanicrealms,43,43,43
ad_astra:main,417,417,424
uniquedungeons:item_tab,37,37,39
uniquedungeons:block_tab,33,33,33
unusualfishmod:unusual_fish_tab,173,173,173
happyghastmod:happyghast_tab,23,23,23
advancedperipherals:advancedperipherals,56,56,56
immersive_aircraft:immersive_aircraft,52,52,26
immersive_machinery:immersive_machinery,8,8,8
lowlands_clothing:armorsofthe_lowlands,60,60,60
galosphere:galosphere,130,130,135
vs_eureka:general,29,29,29
sweety_archaeology:sweety_archeology,35,35,35
finsandtails:fins_and_tails,147,147,147
royalvariations:royal_variations,11,11,11
mcwdoors:mcwbridges,256,256,256
bygonenether:bygonenether,35,35,35
create_connected:main,47,47,47
mcwbridges:mcwbridges,146,146,146
projectvibrantjourneys:projectvibrantjourneys,37,37,37
valhelsia_structures:main,165,165,165
trackwork:base,18,18,18
cataclysm:cataclysm_item,138,138,138
cataclysm:cataclysm_block,129,129,129
seadwellers:realm_rpg_seadwellers_tab,64,64,64
biomancy:main,267,267,267
biomancy:bio_alchemy,142,142,142
justenoughgolems:justenoughgolems,8,8,8
minecraft:corail_pillar,249,249,249
luminous_beasts:luminous_beasts,89,89,89
redstonepen:tab_redstonepen,11,11,11
archeological:archeological,296,296,296
artifacts:main,45,45,45
bosses_of_mass_destruction:bosses_of_mass_destruction,13,13,13
flower_picking:flower_picking,21,21,21
friendsandfoes:main_tab,42,42,42
tconstruct:general,129,129,137
tconstruct:world,172,172,172
tconstruct:tables,48,48,1034
tconstruct:tool_parts,1028,1028,1213
tconstruct:tools,85,85,1704
tconstruct:smeltery,169,169,217
tconstruct:fluids,263,263,1599
reliquary:main,1692,1692,1692
armoroftheages:armoroftheages,41,41,41
betterarcheology:betterarcheology,56,56,56
spawn:item_group,242,242,242
spawn:spawn_eggs,0,0,0
desert_tomb:desert_tomb_mod,9,9,9
netherexp:netherexp,277,277,313
netherexp:netherexp_compat,1,1,1
faunify:faunify_tab,10,10,10
mcwwindows:mcwwindows,315,315,315
stalwart_dungeons:stalwart_dungeons,52,52,52
stalwart_dungeons:stalwart_dungeons_end,31,31,31
aquaculturedelight:aquaculture_delight_tab,23,23,23
ancientsand:sandgroup,21,21,21
rustic_engineer:rustic_engineer,21,21,21
moped:mopeds_tab,12,12,12
ender_wyrmlings:ender_wyrmlings_tab,10,10,10
under_the_moon:under_the_moon,65,65,65
immersive_armors:immersive_armors,40,40,40
callfromthedepth_:creativetab_cftd,157,157,157
galospheric_delight:galospheric_delight,45,45,45
oceans_enhancements:oceans_enhancements,62,62,62
terramity:terramity_tab,728,728,728
occult:the_occult,58,58,58
alekiships:alekiships_tab,9,9,9
mcwtrpdoors:mcwtrpdoors,191,191,191
ad_astra_giselle_addon:tab,20,20,23
darkerdepths:darker_depths,128,128,128
tinkersjewelry:tools,73,73,133
useful_ribbits:useful_ribbits,2,2,2
kismet:kismet,26,26,26
mowziesmobs:mowziesmobs_tab,48,48,48
magical_relics:all,36,36,36
graveyard:group,116,116,116
realmrpg_skeletons:realm_rpg_skeletons_tab,29,29,29
biomesoplenty:main,389,389,389
pneumaticcraft:default,325,325,330
table_top_craft:tab,131,131,131
mcwpaths:pathsitemgroup,315,315,315
idas:idas_tab,3,3,3
biofactory:main,1,1,1
mekanism:mekanism,677,677,677
mekanismgenerators:mekanismgenerators,34,34,34
mekanismaaa:items,16,16,16
immersiveengineering:main,500,500,524
netherman:netherman_tab,102,102,102
dimdungeons:creative_tab,11,11,11
oceansdelight:oceansdelight,22,22,22
aquamirae:aquamirae,64,64,189
butterflies:butterfly_creative_tab,786,786,786
biomeswevegone:biomes_weve_gone,323,323,323
biomeswevegone:biomes_weve_gone_wood,563,563,563
creeperoverhaul:item_group,16,16,16
ars_nouveau:general,332,332,332
ars_nouveau:glyphs,118,118,118
ars_elemental:general,73,73,73
crittersandcompanions:main,29,29,29
naturalist:item_group,80,80,81
immersive_aircraft:immersive_aircraft,52,52,26
crypticfoes:crypticfoes,10,10,10
rats:rats,185,185,185
rats:rats_upgrades,69,69,79
rats:ratlantis,0,0,101
alexsmobs:alexsmobs,252,252,252
iceandfire:blocks,119,119,121
iceandfire:items,417,417,421
cavedelight:cavedelight_tab,54,54,54
aquaculture:tab,119,119,119
tcintegrations:tcintegrations.items,9,9,16
domesticationinnovation:domesticationinnovation,58,58,58
simpleplanes:planes_tab,21,21,3269
relics:relics,37,37,37
betterend:nature_tab,90,90,90
betterend:blocks_tab,582,582,582
betterend:items_tab,120,120,120
ice_and_fire_delight:ice_and_fire_delight_creative_tab,80,80,80
bloblings_genesis:bloblings,96,96,96
farmersdelight:farmersdelight,301,301,301
dungeonsdelight:dungeonsdelight_tab,130,130,130
dungeonsdelight:zdungeonsdelight_compat_tab,0,0,0
ends_delight:ends_delight,63,63,63
mcwfences:fenceitemgroup,180,180,180
unusual_prehistory:unusual_prehistory,296,296,296
xercapaint:paint_tab,6,6,7
dawnoftimebuilder:dot_tab,386,386,386
hellstone_golem:hellstone_golem_tab,9,9,9
deeperdarker:deeper_darker,174,174,174
adorablehamsterpets:adorable_hamster_pets,13,13,13
too_many_bows:too_many_bows_tab,38,38,38
palegardenbackport:palegardenbackport,34,34,34
dimdoors:dimensional_doors,431,431,431
dimdoors:decay,68,68,68
simplyswords:simplyswords,127,127,127
integrated_simply_swords:integrated_simply_swords,90,90,90
computercraft:tab,60,60,60
simply_traps:simple_traps_gui,7,7,7
carnivorous_plants_addition:carnivorous_plants_addition,4,4,4
cluttered:cluttered_block_tab,568,568,568
cluttered:cluttered_furniture_tab,425,425,425
mowzies_cataclysm:mowzies_cataclysm,3,3,3
tacz:other,11,11,11
tacz:ammo,20,20,20
tacz:scope,28,28,28
tacz:muzzle,14,14,14
tacz:stock,12,12,12
tacz:grip,11,11,11
tacz:extended_mag,13,13,13
tacz:laser,3,3,3
tacz:pistol,7,7,7
tacz:sniper,5,5,5
tacz:rifle,15,15,15
tacz:shotgun,4,4,4
tacz:smg,5,5,5
tacz:rpg,2,2,2
tacz:mg,3,3,3
companions:companions_tab,80,80,80
waystones:waystones,60,60,30
waystones:waystones,60,60,30
yyzsbackpack:backpack_tab,6,6,6
bloblings:bloblings,36,36,36
call_of_yucutan:call_of_yucutan,100,100,100
netherdepthsupgrade:netherdepthsupgrade,16,16,16
netherdepthsupgrade:netherdepthsupgrade_fish,33,33,33
netherdepthsupgrade:netherdepthsupgrade_food,36,36,36
alexscaves:magnetic_caves,71,71,71
alexscaves:primordial_caves,123,123,124
alexscaves:toxic_caves,97,97,102
alexscaves:abyssal_chasm,99,99,106
alexscaves:forlorn_hollows,92,92,96
alexscaves:candy_cavity,154,154,337
regions_unexplored:ru_main,722,722,722
mekanism_turrets:main,5,5,5
nethersdelight:main,33,33,33
legendary_monsters:legendary_monsterstab,169,169,169
create:base,274,274,275
create:palettes,392,392,392
interiors:main,53,53,53
ars_creo:general,1,1,1
createornithopterglider:createornithopterglider_tab,34,34,34
ars_technica:general,14,14,14
createimmersivetacz:create_immersive_tacz_tab,12,12,12
create_central_kitchen:base,15,15,15
vs_clockwork:clockwork_main,38,38,38
vs_clockwork:clockwork_physicalities,18,18,18
vs_clockwork:clockwork_gasses,18,18,18
reddensstonelantern:reddens_deco,22,22,22
wan_ancient_beasts:wan_ancient_beasts,70,70,70
chiselsandbits:main,17,17,32
chiselsandbits:bits,1,1,4588
chiselsandbits:clipboard,0,0,0
terramity_lab:laboratories,20,20,20
