arm,replicate,phase,kind,details
baseline,v2-a1-baseline,initial_load,cube_totals,"{""hits"": 0, ""misses"": 94424}"
baseline,v2-a1-baseline,reload_1,cube_totals,"{""hits"": 0, ""misses"": 186276}"
baseline,v2-a1-baseline,reload_2,cube_totals,"{""hits"": 0, ""misses"": 278128}"
baseline,v2-a1-baseline,reload_3,cube_totals,"{""hits"": 0, ""misses"": 369980}"
baseline,v2-a1-baseline,reload_3,represented_tabs,"{""allocated_bytes"": 53254328, ""elapsed_ns"": 1355586000, ""name"": ""first_search""}"
baseline,v2-a1-baseline,reload_3,tab_classes,"{""values"": ""{mekanism.common.registration.impl.CreativeTabDeferredRegister$MekanismCreativeTab=2, net.minecraft.world.item.CreativeModeTab=241}""}"
baseline,v2-a1-baseline,reload_3,typed_search,"{""allocated_bytes"": 91499688, ""characters"": 5, ""elapsed_ns"": 1477109400}"
baseline,v2-a1-baseline,reload_3,cube_totals,"{""hits"": 0, ""misses"": 370043}"
697,v2-b1-697,initial_load,cube_totals,"{""hits"": 0, ""misses"": 94424}"
697,v2-b1-697,reload_1,cube_totals,"{""hits"": 0, ""misses"": 186276}"
697,v2-b1-697,reload_2,cube_totals,"{""hits"": 0, ""misses"": 278128}"
697,v2-b1-697,reload_3,cube_totals,"{""hits"": 0, ""misses"": 369980}"
697,v2-b1-697,reload_3,represented_tabs,"{""allocated_bytes"": 53583536, ""elapsed_ns"": 1529307000, ""name"": ""first_search""}"
697,v2-b1-697,reload_3,tab_classes,"{""values"": ""{mekanism.common.registration.impl.CreativeTabDeferredRegister$MekanismCreativeTab=2, net.minecraft.world.item.CreativeModeTab=241}""}"
697,v2-b1-697,reload_3,typed_search,"{""allocated_bytes"": 94042952, ""characters"": 5, ""elapsed_ns"": 1643187400}"
697,v2-b1-697,reload_3,cube_totals,"{""hits"": 0, ""misses"": 370043}"
697,v2-b2-697,initial_load,cube_totals,"{""hits"": 0, ""misses"": 94424}"
697,v2-b2-697,reload_1,cube_totals,"{""hits"": 0, ""misses"": 186276}"
697,v2-b2-697,reload_2,cube_totals,"{""hits"": 0, ""misses"": 278128}"
697,v2-b2-697,reload_3,cube_totals,"{""hits"": 0, ""misses"": 369980}"
697,v2-b2-697,reload_3,represented_tabs,"{""allocated_bytes"": 53228952, ""elapsed_ns"": 806149500, ""name"": ""first_search""}"
697,v2-b2-697,reload_3,tab_classes,"{""values"": ""{mekanism.common.registration.impl.CreativeTabDeferredRegister$MekanismCreativeTab=2, net.minecraft.world.item.CreativeModeTab=241}""}"
697,v2-b2-697,reload_3,typed_search,"{""allocated_bytes"": 86529392, ""characters"": 5, ""elapsed_ns"": 876228000}"
697,v2-b2-697,reload_3,cube_totals,"{""hits"": 0, ""misses"": 370043}"
baseline,v2-a2-baseline,initial_load,cube_totals,"{""hits"": 0, ""misses"": 94424}"
baseline,v2-a2-baseline,reload_1,cube_totals,"{""hits"": 0, ""misses"": 186276}"
baseline,v2-a2-baseline,reload_2,cube_totals,"{""hits"": 0, ""misses"": 278128}"
baseline,v2-a2-baseline,reload_3,cube_totals,"{""hits"": 0, ""misses"": 369980}"
baseline,v2-a2-baseline,reload_3,represented_tabs,"{""allocated_bytes"": 53324808, ""elapsed_ns"": 1159194900, ""name"": ""first_search""}"
baseline,v2-a2-baseline,reload_3,tab_classes,"{""values"": ""{mekanism.common.registration.impl.CreativeTabDeferredRegister$MekanismCreativeTab=2, net.minecraft.world.item.CreativeModeTab=241}""}"
baseline,v2-a2-baseline,reload_3,typed_search,"{""allocated_bytes"": 89258936, ""characters"": 5, ""elapsed_ns"": 1254325600}"
baseline,v2-a2-baseline,reload_3,cube_totals,"{""hits"": 0, ""misses"": 370043}"
698,v2-c-698,initial_load,cube_totals,"{""hits"": 65789, ""misses"": 28635}"
698,v2-c-698,reload_1,cube_totals,"{""hits"": 131865, ""misses"": 54411}"
698,v2-c-698,reload_2,cube_totals,"{""hits"": 197941, ""misses"": 80187}"
698,v2-c-698,reload_3,cube_totals,"{""hits"": 264017, ""misses"": 105963}"
698,v2-c-698,reload_3,represented_tabs,"{""allocated_bytes"": 53749088, ""elapsed_ns"": 893872800, ""name"": ""first_search""}"
698,v2-c-698,reload_3,tab_classes,"{""values"": ""{mekanism.common.registration.impl.CreativeTabDeferredRegister$MekanismCreativeTab=2, net.minecraft.world.item.CreativeModeTab=241}""}"
698,v2-c-698,reload_3,typed_search,"{""allocated_bytes"": 87079696, ""characters"": 5, ""elapsed_ns"": 967499700}"
698,v2-c-698,reload_3,cube_totals,"{""hits"": 264017, ""misses"": 106026}"
699,v2-d-699,initial_load,cube_totals,"{""hits"": 0, ""misses"": 94424}"
699,v2-d-699,reload_1,cube_totals,"{""hits"": 0, ""misses"": 186276}"
699,v2-d-699,reload_2,cube_totals,"{""hits"": 0, ""misses"": 278128}"
699,v2-d-699,reload_3,cube_totals,"{""hits"": 0, ""misses"": 369980}"
699,v2-d-699,reload_3,represented_tabs,"{""allocated_bytes"": 53814064, ""elapsed_ns"": 775923100, ""name"": ""first_search""}"
699,v2-d-699,reload_3,tab_classes,"{""values"": ""{mekanism.common.registration.impl.CreativeTabDeferredRegister$MekanismCreativeTab=2, net.minecraft.world.item.CreativeModeTab=241}""}"
699,v2-d-699,reload_3,typed_search,"{""allocated_bytes"": 87128464, ""characters"": 5, ""elapsed_ns"": 852219600}"
699,v2-d-699,reload_3,cube_totals,"{""hits"": 0, ""misses"": 370043}"
