arm,replicate,phase,event,elapsed_ns,allocated_bytes
baseline,v2-a1-baseline,initial_load,ModifyBakingResult,771715100,233709216
baseline,v2-a1-baseline,initial_load,BakingCompleted,615264900,209907856
baseline,v2-a1-baseline,reload_1,ModifyBakingResult,636207300,231427656
baseline,v2-a1-baseline,reload_1,BakingCompleted,490992800,209926136
baseline,v2-a1-baseline,reload_2,ModifyBakingResult,654516300,221187120
baseline,v2-a1-baseline,reload_2,BakingCompleted,554967600,209925952
baseline,v2-a1-baseline,reload_3,ModifyBakingResult,532025800,221176248
baseline,v2-a1-baseline,reload_3,BakingCompleted,581770100,209906552
697,v2-b1-697,initial_load,ModifyBakingResult,1053203000,251240600
697,v2-b1-697,initial_load,BakingCompleted,697876300,227514384
697,v2-b1-697,reload_1,ModifyBakingResult,1126936500,250374224
697,v2-b1-697,reload_1,BakingCompleted,685495900,227528808
697,v2-b1-697,reload_2,ModifyBakingResult,861229000,238811552
697,v2-b1-697,reload_2,BakingCompleted,982781500,227528624
697,v2-b1-697,reload_3,ModifyBakingResult,860381000,238800728
697,v2-b1-697,reload_3,BakingCompleted,716996900,227509088
697,v2-b2-697,initial_load,ModifyBakingResult,1061822900,253256624
697,v2-b2-697,initial_load,BakingCompleted,678537500,227522032
697,v2-b2-697,reload_1,ModifyBakingResult,1116984700,246921440
697,v2-b2-697,reload_1,BakingCompleted,890114000,227528808
697,v2-b2-697,reload_2,ModifyBakingResult,1016576200,238811040
697,v2-b2-697,reload_2,BakingCompleted,877184500,227528592
697,v2-b2-697,reload_3,ModifyBakingResult,920251800,238800208
697,v2-b2-697,reload_3,BakingCompleted,1047618000,227509064
baseline,v2-a2-baseline,initial_load,ModifyBakingResult,608428300,234828912
baseline,v2-a2-baseline,initial_load,BakingCompleted,458637000,208889792
baseline,v2-a2-baseline,reload_1,ModifyBakingResult,624473000,232872720
baseline,v2-a2-baseline,reload_1,BakingCompleted,566388900,209926136
baseline,v2-a2-baseline,reload_2,ModifyBakingResult,533737300,221210384
baseline,v2-a2-baseline,reload_2,BakingCompleted,534616200,209925976
baseline,v2-a2-baseline,reload_3,ModifyBakingResult,531665300,221199824
baseline,v2-a2-baseline,reload_3,BakingCompleted,523646000,209906392
698,v2-c-698,initial_load,ModifyBakingResult,714224200,235268880
698,v2-c-698,initial_load,BakingCompleted,508527300,209904400
698,v2-c-698,reload_1,ModifyBakingResult,661399500,230343712
698,v2-c-698,reload_1,BakingCompleted,542213700,209926136
698,v2-c-698,reload_2,ModifyBakingResult,609790200,221210384
698,v2-c-698,reload_2,BakingCompleted,588046700,209925952
698,v2-c-698,reload_3,ModifyBakingResult,631352400,221199560
698,v2-c-698,reload_3,BakingCompleted,561600000,209906416
699,v2-d-699,initial_load,ModifyBakingResult,726553100,232846584
699,v2-d-699,initial_load,BakingCompleted,469662500,208889792
699,v2-d-699,reload_1,ModifyBakingResult,723687100,230836632
699,v2-d-699,reload_1,BakingCompleted,535941000,209415008
699,v2-d-699,reload_2,ModifyBakingResult,547137300,220687128
699,v2-d-699,reload_2,BakingCompleted,607290200,209414848
699,v2-d-699,reload_3,ModifyBakingResult,520218300,220687128
699,v2-d-699,reload_3,BakingCompleted,560244400,209407528
