arm,replicate,phase,elapsed_ms,result
baseline,v2-a1-baseline,reload_1,32421,ok
baseline,v2-a1-baseline,reload_2,28615,ok
baseline,v2-a1-baseline,reload_3,29978,ok
697,v2-b1-697,reload_1,35459,ok
697,v2-b1-697,reload_2,28587,ok
697,v2-b1-697,reload_3,27757,ok
697,v2-b2-697,reload_1,33667,ok
697,v2-b2-697,reload_2,30649,ok
697,v2-b2-697,reload_3,29323,ok
baseline,v2-a2-baseline,reload_1,34288,ok
baseline,v2-a2-baseline,reload_2,28717,ok
baseline,v2-a2-baseline,reload_3,28336,ok
698,v2-c-698,reload_1,32750,ok
698,v2-c-698,reload_2,29458,ok
698,v2-c-698,reload_3,28855,ok
699,v2-d-699,reload_1,33569,ok
699,v2-d-699,reload_2,28543,ok
699,v2-d-699,reload_3,30271,ok
