arm,replicate,phase,event,implementation,locations,set_and_arrays_bytes,arrays
baseline,v2-a1-baseline,initial_load,ModifyBakingResult,it.unimi.dsi.fastutil.objects.ObjectLinkedOpenHashSet,1151485,25165928,"key:2097153:8388632,link:2097153:16777240,"
baseline,v2-a1-baseline,initial_load,BakingCompleted,it.unimi.dsi.fastutil.objects.ObjectLinkedOpenHashSet,1152242,25165928,"key:2097153:8388632,link:2097153:16777240,"
baseline,v2-a1-baseline,reload_1,ModifyBakingResult,it.unimi.dsi.fastutil.objects.ObjectLinkedOpenHashSet,1151485,25165928,"key:2097153:8388632,link:2097153:16777240,"
baseline,v2-a1-baseline,reload_1,BakingCompleted,it.unimi.dsi.fastutil.objects.ObjectLinkedOpenHashSet,1151737,25165928,"key:2097153:8388632,link:2097153:16777240,"
baseline,v2-a1-baseline,reload_2,ModifyBakingResult,it.unimi.dsi.fastutil.objects.ObjectLinkedOpenHashSet,1151485,25165928,"key:2097153:8388632,link:2097153:16777240,"
baseline,v2-a1-baseline,reload_2,BakingCompleted,it.unimi.dsi.fastutil.objects.ObjectLinkedOpenHashSet,1151737,25165928,"key:2097153:8388632,link:2097153:16777240,"
baseline,v2-a1-baseline,reload_3,ModifyBakingResult,it.unimi.dsi.fastutil.objects.ObjectLinkedOpenHashSet,1151485,25165928,"key:2097153:8388632,link:2097153:16777240,"
baseline,v2-a1-baseline,reload_3,BakingCompleted,it.unimi.dsi.fastutil.objects.ObjectLinkedOpenHashSet,1151737,25165928,"key:2097153:8388632,link:2097153:16777240,"
697,v2-b1-697,initial_load,ModifyBakingResult,com.google.common.collect.RegularImmutableSet,1151485,12994616,"elements:1151485:4605960,table:2097152:8388624,"
697,v2-b1-697,initial_load,BakingCompleted,com.google.common.collect.RegularImmutableSet,1152228,12997584,"elements:1152228:4608928,table:2097152:8388624,"
697,v2-b1-697,reload_1,ModifyBakingResult,com.google.common.collect.RegularImmutableSet,1151485,12994616,"elements:1151485:4605960,table:2097152:8388624,"
697,v2-b1-697,reload_1,BakingCompleted,com.google.common.collect.RegularImmutableSet,1151737,12995624,"elements:1151737:4606968,table:2097152:8388624,"
697,v2-b1-697,reload_2,ModifyBakingResult,com.google.common.collect.RegularImmutableSet,1151485,12994616,"elements:1151485:4605960,table:2097152:8388624,"
697,v2-b1-697,reload_2,BakingCompleted,com.google.common.collect.RegularImmutableSet,1151737,12995624,"elements:1151737:4606968,table:2097152:8388624,"
697,v2-b1-697,reload_3,ModifyBakingResult,com.google.common.collect.RegularImmutableSet,1151485,12994616,"elements:1151485:4605960,table:2097152:8388624,"
697,v2-b1-697,reload_3,BakingCompleted,com.google.common.collect.RegularImmutableSet,1151737,12995624,"elements:1151737:4606968,table:2097152:8388624,"
697,v2-b2-697,initial_load,ModifyBakingResult,com.google.common.collect.RegularImmutableSet,1151485,12994616,"elements:1151485:4605960,table:2097152:8388624,"
697,v2-b2-697,initial_load,BakingCompleted,com.google.common.collect.RegularImmutableSet,1151799,12995872,"elements:1151799:4607216,table:2097152:8388624,"
697,v2-b2-697,reload_1,ModifyBakingResult,com.google.common.collect.RegularImmutableSet,1151485,12994616,"elements:1151485:4605960,table:2097152:8388624,"
697,v2-b2-697,reload_1,BakingCompleted,com.google.common.collect.RegularImmutableSet,1151737,12995624,"elements:1151737:4606968,table:2097152:8388624,"
697,v2-b2-697,reload_2,ModifyBakingResult,com.google.common.collect.RegularImmutableSet,1151485,12994616,"elements:1151485:4605960,table:2097152:8388624,"
697,v2-b2-697,reload_2,BakingCompleted,com.google.common.collect.RegularImmutableSet,1151737,12995624,"elements:1151737:4606968,table:2097152:8388624,"
697,v2-b2-697,reload_3,ModifyBakingResult,com.google.common.collect.RegularImmutableSet,1151485,12994616,"elements:1151485:4605960,table:2097152:8388624,"
697,v2-b2-697,reload_3,BakingCompleted,com.google.common.collect.RegularImmutableSet,1151737,12995624,"elements:1151737:4606968,table:2097152:8388624,"
baseline,v2-a2-baseline,initial_load,ModifyBakingResult,it.unimi.dsi.fastutil.objects.ObjectLinkedOpenHashSet,1151485,25165928,"key:2097153:8388632,link:2097153:16777240,"
baseline,v2-a2-baseline,initial_load,BakingCompleted,it.unimi.dsi.fastutil.objects.ObjectLinkedOpenHashSet,1152209,25165928,"key:2097153:8388632,link:2097153:16777240,"
baseline,v2-a2-baseline,reload_1,ModifyBakingResult,it.unimi.dsi.fastutil.objects.ObjectLinkedOpenHashSet,1151485,25165928,"key:2097153:8388632,link:2097153:16777240,"
baseline,v2-a2-baseline,reload_1,BakingCompleted,it.unimi.dsi.fastutil.objects.ObjectLinkedOpenHashSet,1151737,25165928,"key:2097153:8388632,link:2097153:16777240,"
baseline,v2-a2-baseline,reload_2,ModifyBakingResult,it.unimi.dsi.fastutil.objects.ObjectLinkedOpenHashSet,1151485,25165928,"key:2097153:8388632,link:2097153:16777240,"
baseline,v2-a2-baseline,reload_2,BakingCompleted,it.unimi.dsi.fastutil.objects.ObjectLinkedOpenHashSet,1151737,25165928,"key:2097153:8388632,link:2097153:16777240,"
baseline,v2-a2-baseline,reload_3,ModifyBakingResult,it.unimi.dsi.fastutil.objects.ObjectLinkedOpenHashSet,1151485,25165928,"key:2097153:8388632,link:2097153:16777240,"
baseline,v2-a2-baseline,reload_3,BakingCompleted,it.unimi.dsi.fastutil.objects.ObjectLinkedOpenHashSet,1151737,25165928,"key:2097153:8388632,link:2097153:16777240,"
698,v2-c-698,initial_load,ModifyBakingResult,it.unimi.dsi.fastutil.objects.ObjectLinkedOpenHashSet,1151485,25165928,"key:2097153:8388632,link:2097153:16777240,"
698,v2-c-698,initial_load,BakingCompleted,it.unimi.dsi.fastutil.objects.ObjectLinkedOpenHashSet,1152337,25165928,"key:2097153:8388632,link:2097153:16777240,"
698,v2-c-698,reload_1,ModifyBakingResult,it.unimi.dsi.fastutil.objects.ObjectLinkedOpenHashSet,1151485,25165928,"key:2097153:8388632,link:2097153:16777240,"
698,v2-c-698,reload_1,BakingCompleted,it.unimi.dsi.fastutil.objects.ObjectLinkedOpenHashSet,1151737,25165928,"key:2097153:8388632,link:2097153:16777240,"
698,v2-c-698,reload_2,ModifyBakingResult,it.unimi.dsi.fastutil.objects.ObjectLinkedOpenHashSet,1151485,25165928,"key:2097153:8388632,link:2097153:16777240,"
698,v2-c-698,reload_2,BakingCompleted,it.unimi.dsi.fastutil.objects.ObjectLinkedOpenHashSet,1151737,25165928,"key:2097153:8388632,link:2097153:16777240,"
698,v2-c-698,reload_3,ModifyBakingResult,it.unimi.dsi.fastutil.objects.ObjectLinkedOpenHashSet,1151485,25165928,"key:2097153:8388632,link:2097153:16777240,"
698,v2-c-698,reload_3,BakingCompleted,it.unimi.dsi.fastutil.objects.ObjectLinkedOpenHashSet,1151737,25165928,"key:2097153:8388632,link:2097153:16777240,"
699,v2-d-699,initial_load,ModifyBakingResult,it.unimi.dsi.fastutil.objects.ObjectLinkedOpenHashSet,1151485,25165928,"key:2097153:8388632,link:2097153:16777240,"
699,v2-d-699,initial_load,BakingCompleted,it.unimi.dsi.fastutil.objects.ObjectLinkedOpenHashSet,1152209,25165928,"key:2097153:8388632,link:2097153:16777240,"
699,v2-d-699,reload_1,ModifyBakingResult,it.unimi.dsi.fastutil.objects.ObjectLinkedOpenHashSet,1151485,25165928,"key:2097153:8388632,link:2097153:16777240,"
699,v2-d-699,reload_1,BakingCompleted,it.unimi.dsi.fastutil.objects.ObjectLinkedOpenHashSet,1151737,25165928,"key:2097153:8388632,link:2097153:16777240,"
699,v2-d-699,reload_2,ModifyBakingResult,it.unimi.dsi.fastutil.objects.ObjectLinkedOpenHashSet,1151485,25165928,"key:2097153:8388632,link:2097153:16777240,"
699,v2-d-699,reload_2,BakingCompleted,it.unimi.dsi.fastutil.objects.ObjectLinkedOpenHashSet,1151737,25165928,"key:2097153:8388632,link:2097153:16777240,"
699,v2-d-699,reload_3,ModifyBakingResult,it.unimi.dsi.fastutil.objects.ObjectLinkedOpenHashSet,1151485,25165928,"key:2097153:8388632,link:2097153:16777240,"
699,v2-d-699,reload_3,BakingCompleted,it.unimi.dsi.fastutil.objects.ObjectLinkedOpenHashSet,1151737,25165928,"key:2097153:8388632,link:2097153:16777240,"
