tab,tab_class,getter,stock_getter,collection,size,strategy,same_type_and_tag_strategy
0,net.minecraft.world.item.CreativeModeTab,m_261235_,true,it.unimi.dsi.fastutil.objects.ObjectLinkedOpenCustomHashSet,1344,net.minecraft.world.item.ItemStackLinkedSet$1,true
0,net.minecraft.world.item.CreativeModeTab,m_260957_,true,it.unimi.dsi.fastutil.objects.ObjectLinkedOpenCustomHashSet,1344,net.minecraft.world.item.ItemStackLinkedSet$1,true
1,net.minecraft.world.item.CreativeModeTab,m_261235_,true,it.unimi.dsi.fastutil.objects.ObjectLinkedOpenCustomHashSet,862,net.minecraft.world.item.ItemStackLinkedSet$1,true
1,net.minecraft.world.item.CreativeModeTab,m_260957_,true,it.unimi.dsi.fastutil.objects.ObjectLinkedOpenCustomHashSet,862,net.minecraft.world.item.ItemStackLinkedSet$1,true
2,net.minecraft.world.item.CreativeModeTab,m_261235_,true,it.unimi.dsi.fastutil.objects.ObjectLinkedOpenCustomHashSet,624,net.minecraft.world.item.ItemStackLinkedSet$1,true
2,net.minecraft.world.item.CreativeModeTab,m_260957_,true,it.unimi.dsi.fastutil.objects.ObjectLinkedOpenCustomHashSet,624,net.minecraft.world.item.ItemStackLinkedSet$1,true
3,net.minecraft.world.item.CreativeModeTab,m_261235_,true,it.unimi.dsi.fastutil.objects.ObjectLinkedOpenCustomHashSet,1089,net.minecraft.world.item.ItemStackLinkedSet$1,true
3,net.minecraft.world.item.CreativeModeTab,m_260957_,true,it.unimi.dsi.fastutil.objects.ObjectLinkedOpenCustomHashSet,1089,net.minecraft.world.item.ItemStackLinkedSet$1,true
4,net.minecraft.world.item.CreativeModeTab,m_261235_,true,it.unimi.dsi.fastutil.objects.ObjectLinkedOpenCustomHashSet,299,net.minecraft.world.item.ItemStackLinkedSet$1,true
4,net.minecraft.world.item.CreativeModeTab,m_260957_,true,it.unimi.dsi.fastutil.objects.ObjectLinkedOpenCustomHashSet,299,net.minecraft.world.item.ItemStackLinkedSet$1,true
5,net.minecraft.world.item.CreativeModeTab,m_261235_,true,it.unimi.dsi.fastutil.objects.ObjectLinkedOpenCustomHashSet,0,net.minecraft.world.item.ItemStackLinkedSet$1,true
5,net.minecraft.world.item.CreativeModeTab,m_260957_,true,it.unimi.dsi.fastutil.objects.ObjectLinkedOpenCustomHashSet,0,net.minecraft.world.item.ItemStackLinkedSet$1,true
6,net.minecraft.world.item.CreativeModeTab,m_261235_,true,it.unimi.dsi.fastutil.objects.ObjectLinkedOpenCustomHashSet,865,net.minecraft.world.item.ItemStackLinkedSet$1,true
6,net.minecraft.world.item.CreativeModeTab,m_260957_,true,it.unimi.dsi.fastutil.objects.ObjectLinkedOpenCustomHashSet,865,net.minecraft.world.item.ItemStackLinkedSet$1,true
7,net.minecraft.world.item.CreativeModeTab,m_261235_,true,it.unimi.dsi.fastutil.objects.ObjectLinkedOpenCustomHashSet,378,net.minecraft.world.item.ItemStackLinkedSet$1,true
7,net.minecraft.world.item.CreativeModeTab,m_260957_,true,it.unimi.dsi.fastutil.objects.ObjectLinkedOpenCustomHashSet,378,net.minecraft.world.item.ItemStackLinkedSet$1,true
8,net.minecraft.world.item.CreativeModeTab,m_261235_,true,it.unimi.dsi.fastutil.objects.ObjectLinkedOpenCustomHashSet,1247,net.minecraft.world.item.ItemStackLinkedSet$1,true
8,net.minecraft.world.item.CreativeModeTab,m_260957_,true,it.unimi.dsi.fastutil.objects.ObjectLinkedOpenCustomHashSet,1247,net.minecraft.world.item.ItemStackLinkedSet$1,true
9,net.minecraft.world.item.CreativeModeTab,m_261235_,true,it.unimi.dsi.fastutil.objects.ObjectLinkedOpenCustomHashSet,810,net.minecraft.world.item.ItemStackLinkedSet$1,true
9,net.minecraft.world.item.CreativeModeTab,m_260957_,true,it.unimi.dsi.fastutil.objects.ObjectLinkedOpenCustomHashSet,596,net.minecraft.world.item.ItemStackLinkedSet$1,true
10,net.minecraft.world.item.CreativeModeTab,m_261235_,true,it.unimi.dsi.fastutil.objects.ObjectLinkedOpenCustomHashSet,204,net.minecraft.world.item.ItemStackLinkedSet$1,true
10,net.minecraft.world.item.CreativeModeTab,m_260957_,true,it.unimi.dsi.fastutil.objects.ObjectLinkedOpenCustomHashSet,204,net.minecraft.world.item.ItemStackLinkedSet$1,true
11,net.minecraft.world.item.CreativeModeTab,m_261235_,true,it.unimi.dsi.fastutil.objects.ObjectLinkedOpenCustomHashSet,14,net.minecraft.world.item.ItemStackLinkedSet$1,true
11,net.minecraft.world.item.CreativeModeTab,m_260957_,true,it.unimi.dsi.fastutil.objects.ObjectLinkedOpenCustomHashSet,14,net.minecraft.world.item.ItemStackLinkedSet$1,true
12,net.minecraft.world.item.CreativeModeTab,m_261235_,true,it.unimi.dsi.fastutil.objects.ObjectLinkedOpenCustomHashSet,0,net.minecraft.world.item.ItemStackLinkedSet$1,true
12,net.minecraft.world.item.CreativeModeTab,m_260957_,true,it.unimi.dsi.fastutil.objects.ObjectLinkedOpenCustomHashSet,0,net.minecraft.world.item.ItemStackLinkedSet$1,true
13,net.minecraft.world.item.CreativeModeTab,m_261235_,true,it.unimi.dsi.fastutil.objects.ObjectLinkedOpenCustomHashSet,5,net.minecraft.world.item.ItemStackLinkedSet$1,true
13,net.minecraft.world.item.CreativeModeTab,m_260957_,true,it.unimi.dsi.fastutil.objects.ObjectLinkedOpenCustomHashSet,5,net.minecraft.world.item.ItemStackLinkedSet$1,true
14,net.minecraft.world.item.CreativeModeTab,m_261235_,true,it.unimi.dsi.fastutil.objects.ObjectLinkedOpenCustomHashSet,732,net.minecraft.world.item.ItemStackLinkedSet$1,true
14,net.minecraft.world.item.CreativeModeTab,m_260957_,true,it.unimi.dsi.fastutil.objects.ObjectLinkedOpenCustomHashSet,732,net.minecraft.world.item.ItemStackLinkedSet$1,true
15,net.minecraft.world.item.CreativeModeTab,m_261235_,true,it.unimi.dsi.fastutil.objects.ObjectLinkedOpenCustomHashSet,1,net.minecraft.world.item.ItemStackLinkedSet$1,true
15,net.minecraft.world.item.CreativeModeTab,m_260957_,true,it.unimi.dsi.fastutil.objects.ObjectLinkedOpenCustomHashSet,1,net.minecraft.world.item.ItemStackLinkedSet$1,true
16,net.minecraft.world.item.CreativeModeTab,m_261235_,true,it.unimi.dsi.fastutil.objects.ObjectLinkedOpenCustomHashSet,30,net.minecraft.world.item.ItemStackLinkedSet$1,true
16,net.minecraft.world.item.CreativeModeTab,m_260957_,true,it.unimi.dsi.fastutil.objects.ObjectLinkedOpenCustomHashSet,30,net.minecraft.world.item.ItemStackLinkedSet$1,true
17,net.minecraft.world.item.CreativeModeTab,m_261235_,true,it.unimi.dsi.fastutil.objects.ObjectLinkedOpenCustomHashSet,20,net.minecraft.world.item.ItemStackLinkedSet$1,true
17,net.minecraft.world.item.CreativeModeTab,m_260957_,true,it.unimi.dsi.fastutil.objects.ObjectLinkedOpenCustomHashSet,20,net.minecraft.world.item.ItemStackLinkedSet$1,true
18,net.minecraft.world.item.CreativeModeTab,m_261235_,true,it.unimi.dsi.fastutil.objects.ObjectLinkedOpenCustomHashSet,224,net.minecraft.world.item.ItemStackLinkedSet$1,true
18,net.minecraft.world.item.CreativeModeTab,m_260957_,true,it.unimi.dsi.fastutil.objects.ObjectLinkedOpenCustomHashSet,224,net.minecraft.world.item.ItemStackLinkedSet$1,true
19,net.minecraft.world.item.CreativeModeTab,m_261235_,true,it.unimi.dsi.fastutil.objects.ObjectLinkedOpenCustomHashSet,25,net.minecraft.world.item.ItemStackLinkedSet$1,true
19,net.minecraft.world.item.CreativeModeTab,m_260957_,true,it.unimi.dsi.fastutil.objects.ObjectLinkedOpenCustomHashSet,25,net.minecraft.world.item.ItemStackLinkedSet$1,true
20,net.minecraft.world.item.CreativeModeTab,m_261235_,true,it.unimi.dsi.fastutil.objects.ObjectLinkedOpenCustomHashSet,50,net.minecraft.world.item.ItemStackLinkedSet$1,true
20,net.minecraft.world.item.CreativeModeTab,m_260957_,true,it.unimi.dsi.fastutil.objects.ObjectLinkedOpenCustomHashSet,50,net.minecraft.world.item.ItemStackLinkedSet$1,true
21,net.minecraft.world.item.CreativeModeTab,m_261235_,true,it.unimi.dsi.fastutil.objects.ObjectLinkedOpenCustomHashSet,333,net.minecraft.world.item.ItemStackLinkedSet$1,true
21,net.minecraft.world.item.CreativeModeTab,m_260957_,true,it.unimi.dsi.fastutil.objects.ObjectLinkedOpenCustomHashSet,333,net.minecraft.world.item.ItemStackLinkedSet$1,true
22,net.minecraft.world.item.CreativeModeTab,m_261235_,true,it.unimi.dsi.fastutil.objects.ObjectLinkedOpenCustomHashSet,285,net.minecraft.world.item.ItemStackLinkedSet$1,true
22,net.minecraft.world.item.CreativeModeTab,m_260957_,true,it.unimi.dsi.fastutil.objects.ObjectLinkedOpenCustomHashSet,285,net.minecraft.world.item.ItemStackLinkedSet$1,true
23,net.minecraft.world.item.CreativeModeTab,m_261235_,true,it.unimi.dsi.fastutil.objects.ObjectLinkedOpenCustomHashSet,109,net.minecraft.world.item.ItemStackLinkedSet$1,true
23,net.minecraft.world.item.CreativeModeTab,m_260957_,true,it.unimi.dsi.fastutil.objects.ObjectLinkedOpenCustomHashSet,109,net.minecraft.world.item.ItemStackLinkedSet$1,true
24,net.minecraft.world.item.CreativeModeTab,m_261235_,true,it.unimi.dsi.fastutil.objects.ObjectLinkedOpenCustomHashSet,952,net.minecraft.world.item.ItemStackLinkedSet$1,true
24,net.minecraft.world.item.CreativeModeTab,m_260957_,true,it.unimi.dsi.fastutil.objects.ObjectLinkedOpenCustomHashSet,952,net.minecraft.world.item.ItemStackLinkedSet$1,true
25,net.minecraft.world.item.CreativeModeTab,m_261235_,true,it.unimi.dsi.fastutil.objects.ObjectLinkedOpenCustomHashSet,34,net.minecraft.world.item.ItemStackLinkedSet$1,true
25,net.minecraft.world.item.CreativeModeTab,m_260957_,true,it.unimi.dsi.fastutil.objects.ObjectLinkedOpenCustomHashSet,34,net.minecraft.world.item.ItemStackLinkedSet$1,true
26,net.minecraft.world.item.CreativeModeTab,m_261235_,true,it.unimi.dsi.fastutil.objects.ObjectLinkedOpenCustomHashSet,66,net.minecraft.world.item.ItemStackLinkedSet$1,true
26,net.minecraft.world.item.CreativeModeTab,m_260957_,true,it.unimi.dsi.fastutil.objects.ObjectLinkedOpenCustomHashSet,66,net.minecraft.world.item.ItemStackLinkedSet$1,true
27,net.minecraft.world.item.CreativeModeTab,m_261235_,true,it.unimi.dsi.fastutil.objects.ObjectLinkedOpenCustomHashSet,4,net.minecraft.world.item.ItemStackLinkedSet$1,true
27,net.minecraft.world.item.CreativeModeTab,m_260957_,true,it.unimi.dsi.fastutil.objects.ObjectLinkedOpenCustomHashSet,4,net.minecraft.world.item.ItemStackLinkedSet$1,true
28,net.minecraft.world.item.CreativeModeTab,m_261235_,true,it.unimi.dsi.fastutil.objects.ObjectLinkedOpenCustomHashSet,467,net.minecraft.world.item.ItemStackLinkedSet$1,true
28,net.minecraft.world.item.CreativeModeTab,m_260957_,true,it.unimi.dsi.fastutil.objects.ObjectLinkedOpenCustomHashSet,467,net.minecraft.world.item.ItemStackLinkedSet$1,true
29,net.minecraft.world.item.CreativeModeTab,m_261235_,true,it.unimi.dsi.fastutil.objects.ObjectLinkedOpenCustomHashSet,154,net.minecraft.world.item.ItemStackLinkedSet$1,true
29,net.minecraft.world.item.CreativeModeTab,m_260957_,true,it.unimi.dsi.fastutil.objects.ObjectLinkedOpenCustomHashSet,154,net.minecraft.world.item.ItemStackLinkedSet$1,true
30,net.minecraft.world.item.CreativeModeTab,m_261235_,true,it.unimi.dsi.fastutil.objects.ObjectLinkedOpenCustomHashSet,79,net.minecraft.world.item.ItemStackLinkedSet$1,true
30,net.minecraft.world.item.CreativeModeTab,m_260957_,true,it.unimi.dsi.fastutil.objects.ObjectLinkedOpenCustomHashSet,79,net.minecraft.world.item.ItemStackLinkedSet$1,true
31,net.minecraft.world.item.CreativeModeTab,m_261235_,true,it.unimi.dsi.fastutil.objects.ObjectLinkedOpenCustomHashSet,91,net.minecraft.world.item.ItemStackLinkedSet$1,true
31,net.minecraft.world.item.CreativeModeTab,m_260957_,true,it.unimi.dsi.fastutil.objects.ObjectLinkedOpenCustomHashSet,91,net.minecraft.world.item.ItemStackLinkedSet$1,true
32,net.minecraft.world.item.CreativeModeTab,m_261235_,true,it.unimi.dsi.fastutil.objects.ObjectLinkedOpenCustomHashSet,140,net.minecraft.world.item.ItemStackLinkedSet$1,true
32,net.minecraft.world.item.CreativeModeTab,m_260957_,true,it.unimi.dsi.fastutil.objects.ObjectLinkedOpenCustomHashSet,140,net.minecraft.world.item.ItemStackLinkedSet$1,true
33,net.minecraft.world.item.CreativeModeTab,m_261235_,true,it.unimi.dsi.fastutil.objects.ObjectLinkedOpenCustomHashSet,25,net.minecraft.world.item.ItemStackLinkedSet$1,true
33,net.minecraft.world.item.CreativeModeTab,m_260957_,true,it.unimi.dsi.fastutil.objects.ObjectLinkedOpenCustomHashSet,25,net.minecraft.world.item.ItemStackLinkedSet$1,true
34,net.minecraft.world.item.CreativeModeTab,m_261235_,true,it.unimi.dsi.fastutil.objects.ObjectLinkedOpenCustomHashSet,120,net.minecraft.world.item.ItemStackLinkedSet$1,true
34,net.minecraft.world.item.CreativeModeTab,m_260957_,true,it.unimi.dsi.fastutil.objects.ObjectLinkedOpenCustomHashSet,120,net.minecraft.world.item.ItemStackLinkedSet$1,true
35,net.minecraft.world.item.CreativeModeTab,m_261235_,true,it.unimi.dsi.fastutil.objects.ObjectLinkedOpenCustomHashSet,156,net.minecraft.world.item.ItemStackLinkedSet$1,true
35,net.minecraft.world.item.CreativeModeTab,m_260957_,true,it.unimi.dsi.fastutil.objects.ObjectLinkedOpenCustomHashSet,156,net.minecraft.world.item.ItemStackLinkedSet$1,true
36,net.minecraft.world.item.CreativeModeTab,m_261235_,true,it.unimi.dsi.fastutil.objects.ObjectLinkedOpenCustomHashSet,326,net.minecraft.world.item.ItemStackLinkedSet$1,true
36,net.minecraft.world.item.CreativeModeTab,m_260957_,true,it.unimi.dsi.fastutil.objects.ObjectLinkedOpenCustomHashSet,326,net.minecraft.world.item.ItemStackLinkedSet$1,true
37,net.minecraft.world.item.CreativeModeTab,m_261235_,true,it.unimi.dsi.fastutil.objects.ObjectLinkedOpenCustomHashSet,183,net.minecraft.world.item.ItemStackLinkedSet$1,true
37,net.minecraft.world.item.CreativeModeTab,m_260957_,true,it.unimi.dsi.fastutil.objects.ObjectLinkedOpenCustomHashSet,183,net.minecraft.world.item.ItemStackLinkedSet$1,true
38,net.minecraft.world.item.CreativeModeTab,m_261235_,true,it.unimi.dsi.fastutil.objects.ObjectLinkedOpenCustomHashSet,147,net.minecraft.world.item.ItemStackLinkedSet$1,true
38,net.minecraft.world.item.CreativeModeTab,m_260957_,true,it.unimi.dsi.fastutil.objects.ObjectLinkedOpenCustomHashSet,147,net.minecraft.world.item.ItemStackLinkedSet$1,true
39,net.minecraft.world.item.CreativeModeTab,m_261235_,true,it.unimi.dsi.fastutil.objects.ObjectLinkedOpenCustomHashSet,108,net.minecraft.world.item.ItemStackLinkedSet$1,true
39,net.minecraft.world.item.CreativeModeTab,m_260957_,true,it.unimi.dsi.fastutil.objects.ObjectLinkedOpenCustomHashSet,108,net.minecraft.world.item.ItemStackLinkedSet$1,true
40,net.minecraft.world.item.CreativeModeTab,m_261235_,true,it.unimi.dsi.fastutil.objects.ObjectLinkedOpenCustomHashSet,55,net.minecraft.world.item.ItemStackLinkedSet$1,true
40,net.minecraft.world.item.CreativeModeTab,m_260957_,true,it.unimi.dsi.fastutil.objects.ObjectLinkedOpenCustomHashSet,55,net.minecraft.world.item.ItemStackLinkedSet$1,true
41,net.minecraft.world.item.CreativeModeTab,m_261235_,true,it.unimi.dsi.fastutil.objects.ObjectLinkedOpenCustomHashSet,102,net.minecraft.world.item.ItemStackLinkedSet$1,true
41,net.minecraft.world.item.CreativeModeTab,m_260957_,true,it.unimi.dsi.fastutil.objects.ObjectLinkedOpenCustomHashSet,102,net.minecraft.world.item.ItemStackLinkedSet$1,true
42,net.minecraft.world.item.CreativeModeTab,m_261235_,true,it.unimi.dsi.fastutil.objects.ObjectLinkedOpenCustomHashSet,256,net.minecraft.world.item.ItemStackLinkedSet$1,true
42,net.minecraft.world.item.CreativeModeTab,m_260957_,true,it.unimi.dsi.fastutil.objects.ObjectLinkedOpenCustomHashSet,256,net.minecraft.world.item.ItemStackLinkedSet$1,true
43,net.minecraft.world.item.CreativeModeTab,m_261235_,true,it.unimi.dsi.fastutil.objects.ObjectLinkedOpenCustomHashSet,2,net.minecraft.world.item.ItemStackLinkedSet$1,true
43,net.minecraft.world.item.CreativeModeTab,m_260957_,true,it.unimi.dsi.fastutil.objects.ObjectLinkedOpenCustomHashSet,2,net.minecraft.world.item.ItemStackLinkedSet$1,true
44,net.minecraft.world.item.CreativeModeTab,m_261235_,true,it.unimi.dsi.fastutil.objects.ObjectLinkedOpenCustomHashSet,16,net.minecraft.world.item.ItemStackLinkedSet$1,true
44,net.minecraft.world.item.CreativeModeTab,m_260957_,true,it.unimi.dsi.fastutil.objects.ObjectLinkedOpenCustomHashSet,16,net.minecraft.world.item.ItemStackLinkedSet$1,true
45,net.minecraft.world.item.CreativeModeTab,m_261235_,true,it.unimi.dsi.fastutil.objects.ObjectLinkedOpenCustomHashSet,95,net.minecraft.world.item.ItemStackLinkedSet$1,true
45,net.minecraft.world.item.CreativeModeTab,m_260957_,true,it.unimi.dsi.fastutil.objects.ObjectLinkedOpenCustomHashSet,95,net.minecraft.world.item.ItemStackLinkedSet$1,true
46,net.minecraft.world.item.CreativeModeTab,m_261235_,true,it.unimi.dsi.fastutil.objects.ObjectLinkedOpenCustomHashSet,42,net.minecraft.world.item.ItemStackLinkedSet$1,true
46,net.minecraft.world.item.CreativeModeTab,m_260957_,true,it.unimi.dsi.fastutil.objects.ObjectLinkedOpenCustomHashSet,42,net.minecraft.world.item.ItemStackLinkedSet$1,true
47,net.minecraft.world.item.CreativeModeTab,m_261235_,true,it.unimi.dsi.fastutil.objects.ObjectLinkedOpenCustomHashSet,532,net.minecraft.world.item.ItemStackLinkedSet$1,true
47,net.minecraft.world.item.CreativeModeTab,m_260957_,true,it.unimi.dsi.fastutil.objects.ObjectLinkedOpenCustomHashSet,532,net.minecraft.world.item.ItemStackLinkedSet$1,true
48,net.minecraft.world.item.CreativeModeTab,m_261235_,true,it.unimi.dsi.fastutil.objects.ObjectLinkedOpenCustomHashSet,103,net.minecraft.world.item.ItemStackLinkedSet$1,true
48,net.minecraft.world.item.CreativeModeTab,m_260957_,true,it.unimi.dsi.fastutil.objects.ObjectLinkedOpenCustomHashSet,103,net.minecraft.world.item.ItemStackLinkedSet$1,true
49,net.minecraft.world.item.CreativeModeTab,m_261235_,true,it.unimi.dsi.fastutil.objects.ObjectLinkedOpenCustomHashSet,43,net.minecraft.world.item.ItemStackLinkedSet$1,true
49,net.minecraft.world.item.CreativeModeTab,m_260957_,true,it.unimi.dsi.fastutil.objects.ObjectLinkedOpenCustomHashSet,43,net.minecraft.world.item.ItemStackLinkedSet$1,true
50,net.minecraft.world.item.CreativeModeTab,m_261235_,true,it.unimi.dsi.fastutil.objects.ObjectLinkedOpenCustomHashSet,424,net.minecraft.world.item.ItemStackLinkedSet$1,true
50,net.minecraft.world.item.CreativeModeTab,m_260957_,true,it.unimi.dsi.fastutil.objects.ObjectLinkedOpenCustomHashSet,424,net.minecraft.world.item.ItemStackLinkedSet$1,true
51,net.minecraft.world.item.CreativeModeTab,m_261235_,true,it.unimi.dsi.fastutil.objects.ObjectLinkedOpenCustomHashSet,39,net.minecraft.world.item.ItemStackLinkedSet$1,true
51,net.minecraft.world.item.CreativeModeTab,m_260957_,true,it.unimi.dsi.fastutil.objects.ObjectLinkedOpenCustomHashSet,39,net.minecraft.world.item.ItemStackLinkedSet$1,true
52,net.minecraft.world.item.CreativeModeTab,m_261235_,true,it.unimi.dsi.fastutil.objects.ObjectLinkedOpenCustomHashSet,33,net.minecraft.world.item.ItemStackLinkedSet$1,true
52,net.minecraft.world.item.CreativeModeTab,m_260957_,true,it.unimi.dsi.fastutil.objects.ObjectLinkedOpenCustomHashSet,33,net.minecraft.world.item.ItemStackLinkedSet$1,true
53,net.minecraft.world.item.CreativeModeTab,m_261235_,true,it.unimi.dsi.fastutil.objects.ObjectLinkedOpenCustomHashSet,173,net.minecraft.world.item.ItemStackLinkedSet$1,true
53,net.minecraft.world.item.CreativeModeTab,m_260957_,true,it.unimi.dsi.fastutil.objects.ObjectLinkedOpenCustomHashSet,173,net.minecraft.world.item.ItemStackLinkedSet$1,true
54,net.minecraft.world.item.CreativeModeTab,m_261235_,true,it.unimi.dsi.fastutil.objects.ObjectLinkedOpenCustomHashSet,23,net.minecraft.world.item.ItemStackLinkedSet$1,true
54,net.minecraft.world.item.CreativeModeTab,m_260957_,true,it.unimi.dsi.fastutil.objects.ObjectLinkedOpenCustomHashSet,23,net.minecraft.world.item.ItemStackLinkedSet$1,true
55,net.minecraft.world.item.CreativeModeTab,m_261235_,true,it.unimi.dsi.fastutil.objects.ObjectLinkedOpenCustomHashSet,56,net.minecraft.world.item.ItemStackLinkedSet$1,true
55,net.minecraft.world.item.CreativeModeTab,m_260957_,true,it.unimi.dsi.fastutil.objects.ObjectLinkedOpenCustomHashSet,56,net.minecraft.world.item.ItemStackLinkedSet$1,true
56,net.minecraft.world.item.CreativeModeTab,m_261235_,true,it.unimi.dsi.fastutil.objects.ObjectLinkedOpenCustomHashSet,26,net.minecraft.world.item.ItemStackLinkedSet$1,true
56,net.minecraft.world.item.CreativeModeTab,m_260957_,true,it.unimi.dsi.fastutil.objects.ObjectLinkedOpenCustomHashSet,26,net.minecraft.world.item.ItemStackLinkedSet$1,true
57,net.minecraft.world.item.CreativeModeTab,m_261235_,true,it.unimi.dsi.fastutil.objects.ObjectLinkedOpenCustomHashSet,8,net.minecraft.world.item.ItemStackLinkedSet$1,true
57,net.minecraft.world.item.CreativeModeTab,m_260957_,true,it.unimi.dsi.fastutil.objects.ObjectLinkedOpenCustomHashSet,8,net.minecraft.world.item.ItemStackLinkedSet$1,true
58,net.minecraft.world.item.CreativeModeTab,m_261235_,true,it.unimi.dsi.fastutil.objects.ObjectLinkedOpenCustomHashSet,60,net.minecraft.world.item.ItemStackLinkedSet$1,true
58,net.minecraft.world.item.CreativeModeTab,m_260957_,true,it.unimi.dsi.fastutil.objects.ObjectLinkedOpenCustomHashSet,60,net.minecraft.world.item.ItemStackLinkedSet$1,true
59,net.minecraft.world.item.CreativeModeTab,m_261235_,true,it.unimi.dsi.fastutil.objects.ObjectLinkedOpenCustomHashSet,135,net.minecraft.world.item.ItemStackLinkedSet$1,true
59,net.minecraft.world.item.CreativeModeTab,m_260957_,true,it.unimi.dsi.fastutil.objects.ObjectLinkedOpenCustomHashSet,135,net.minecraft.world.item.ItemStackLinkedSet$1,true
60,net.minecraft.world.item.CreativeModeTab,m_261235_,true,it.unimi.dsi.fastutil.objects.ObjectLinkedOpenCustomHashSet,29,net.minecraft.world.item.ItemStackLinkedSet$1,true
60,net.minecraft.world.item.CreativeModeTab,m_260957_,true,it.unimi.dsi.fastutil.objects.ObjectLinkedOpenCustomHashSet,29,net.minecraft.world.item.ItemStackLinkedSet$1,true
61,net.minecraft.world.item.CreativeModeTab,m_261235_,true,it.unimi.dsi.fastutil.objects.ObjectLinkedOpenCustomHashSet,35,net.minecraft.world.item.ItemStackLinkedSet$1,true
61,net.minecraft.world.item.CreativeModeTab,m_260957_,true,it.unimi.dsi.fastutil.objects.ObjectLinkedOpenCustomHashSet,35,net.minecraft.world.item.ItemStackLinkedSet$1,true
62,net.minecraft.world.item.CreativeModeTab,m_261235_,true,it.unimi.dsi.fastutil.objects.ObjectLinkedOpenCustomHashSet,147,net.minecraft.world.item.ItemStackLinkedSet$1,true
62,net.minecraft.world.item.CreativeModeTab,m_260957_,true,it.unimi.dsi.fastutil.objects.ObjectLinkedOpenCustomHashSet,147,net.minecraft.world.item.ItemStackLinkedSet$1,true
63,net.minecraft.world.item.CreativeModeTab,m_261235_,true,it.unimi.dsi.fastutil.objects.ObjectLinkedOpenCustomHashSet,11,net.minecraft.world.item.ItemStackLinkedSet$1,true
63,net.minecraft.world.item.CreativeModeTab,m_260957_,true,it.unimi.dsi.fastutil.objects.ObjectLinkedOpenCustomHashSet,11,net.minecraft.world.item.ItemStackLinkedSet$1,true
64,net.minecraft.world.item.CreativeModeTab,m_261235_,true,it.unimi.dsi.fastutil.objects.ObjectLinkedOpenCustomHashSet,256,net.minecraft.world.item.ItemStackLinkedSet$1,true
64,net.minecraft.world.item.CreativeModeTab,m_260957_,true,it.unimi.dsi.fastutil.objects.ObjectLinkedOpenCustomHashSet,256,net.minecraft.world.item.ItemStackLinkedSet$1,true
65,net.minecraft.world.item.CreativeModeTab,m_261235_,true,it.unimi.dsi.fastutil.objects.ObjectLinkedOpenCustomHashSet,35,net.minecraft.world.item.ItemStackLinkedSet$1,true
65,net.minecraft.world.item.CreativeModeTab,m_260957_,true,it.unimi.dsi.fastutil.objects.ObjectLinkedOpenCustomHashSet,35,net.minecraft.world.item.ItemStackLinkedSet$1,true
66,net.minecraft.world.item.CreativeModeTab,m_261235_,true,it.unimi.dsi.fastutil.objects.ObjectLinkedOpenCustomHashSet,47,net.minecraft.world.item.ItemStackLinkedSet$1,true
66,net.minecraft.world.item.CreativeModeTab,m_260957_,true,it.unimi.dsi.fastutil.objects.ObjectLinkedOpenCustomHashSet,47,net.minecraft.world.item.ItemStackLinkedSet$1,true
67,net.minecraft.world.item.CreativeModeTab,m_261235_,true,it.unimi.dsi.fastutil.objects.ObjectLinkedOpenCustomHashSet,146,net.minecraft.world.item.ItemStackLinkedSet$1,true
67,net.minecraft.world.item.CreativeModeTab,m_260957_,true,it.unimi.dsi.fastutil.objects.ObjectLinkedOpenCustomHashSet,146,net.minecraft.world.item.ItemStackLinkedSet$1,true
68,net.minecraft.world.item.CreativeModeTab,m_261235_,true,it.unimi.dsi.fastutil.objects.ObjectLinkedOpenCustomHashSet,37,net.minecraft.world.item.ItemStackLinkedSet$1,true
68,net.minecraft.world.item.CreativeModeTab,m_260957_,true,it.unimi.dsi.fastutil.objects.ObjectLinkedOpenCustomHashSet,37,net.minecraft.world.item.ItemStackLinkedSet$1,true
69,net.minecraft.world.item.CreativeModeTab,m_261235_,true,it.unimi.dsi.fastutil.objects.ObjectLinkedOpenCustomHashSet,165,net.minecraft.world.item.ItemStackLinkedSet$1,true
69,net.minecraft.world.item.CreativeModeTab,m_260957_,true,it.unimi.dsi.fastutil.objects.ObjectLinkedOpenCustomHashSet,165,net.minecraft.world.item.ItemStackLinkedSet$1,true
70,net.minecraft.world.item.CreativeModeTab,m_261235_,true,it.unimi.dsi.fastutil.objects.ObjectLinkedOpenCustomHashSet,18,net.minecraft.world.item.ItemStackLinkedSet$1,true
70,net.minecraft.world.item.CreativeModeTab,m_260957_,true,it.unimi.dsi.fastutil.objects.ObjectLinkedOpenCustomHashSet,18,net.minecraft.world.item.ItemStackLinkedSet$1,true
71,net.minecraft.world.item.CreativeModeTab,m_261235_,true,it.unimi.dsi.fastutil.objects.ObjectLinkedOpenCustomHashSet,138,net.minecraft.world.item.ItemStackLinkedSet$1,true
71,net.minecraft.world.item.CreativeModeTab,m_260957_,true,it.unimi.dsi.fastutil.objects.ObjectLinkedOpenCustomHashSet,138,net.minecraft.world.item.ItemStackLinkedSet$1,true
72,net.minecraft.world.item.CreativeModeTab,m_261235_,true,it.unimi.dsi.fastutil.objects.ObjectLinkedOpenCustomHashSet,129,net.minecraft.world.item.ItemStackLinkedSet$1,true
72,net.minecraft.world.item.CreativeModeTab,m_260957_,true,it.unimi.dsi.fastutil.objects.ObjectLinkedOpenCustomHashSet,129,net.minecraft.world.item.ItemStackLinkedSet$1,true
73,net.minecraft.world.item.CreativeModeTab,m_261235_,true,it.unimi.dsi.fastutil.objects.ObjectLinkedOpenCustomHashSet,64,net.minecraft.world.item.ItemStackLinkedSet$1,true
73,net.minecraft.world.item.CreativeModeTab,m_260957_,true,it.unimi.dsi.fastutil.objects.ObjectLinkedOpenCustomHashSet,64,net.minecraft.world.item.ItemStackLinkedSet$1,true
74,net.minecraft.world.item.CreativeModeTab,m_261235_,true,it.unimi.dsi.fastutil.objects.ObjectLinkedOpenCustomHashSet,267,net.minecraft.world.item.ItemStackLinkedSet$1,true
74,net.minecraft.world.item.CreativeModeTab,m_260957_,true,it.unimi.dsi.fastutil.objects.ObjectLinkedOpenCustomHashSet,267,net.minecraft.world.item.ItemStackLinkedSet$1,true
75,net.minecraft.world.item.CreativeModeTab,m_261235_,true,it.unimi.dsi.fastutil.objects.ObjectLinkedOpenCustomHashSet,142,net.minecraft.world.item.ItemStackLinkedSet$1,true
75,net.minecraft.world.item.CreativeModeTab,m_260957_,true,it.unimi.dsi.fastutil.objects.ObjectLinkedOpenCustomHashSet,142,net.minecraft.world.item.ItemStackLinkedSet$1,true
76,net.minecraft.world.item.CreativeModeTab,m_261235_,true,it.unimi.dsi.fastutil.objects.ObjectLinkedOpenCustomHashSet,8,net.minecraft.world.item.ItemStackLinkedSet$1,true
76,net.minecraft.world.item.CreativeModeTab,m_260957_,true,it.unimi.dsi.fastutil.objects.ObjectLinkedOpenCustomHashSet,8,net.minecraft.world.item.ItemStackLinkedSet$1,true
77,net.minecraft.world.item.CreativeModeTab,m_261235_,true,it.unimi.dsi.fastutil.objects.ObjectLinkedOpenCustomHashSet,249,net.minecraft.world.item.ItemStackLinkedSet$1,true
77,net.minecraft.world.item.CreativeModeTab,m_260957_,true,it.unimi.dsi.fastutil.objects.ObjectLinkedOpenCustomHashSet,249,net.minecraft.world.item.ItemStackLinkedSet$1,true
78,net.minecraft.world.item.CreativeModeTab,m_261235_,true,it.unimi.dsi.fastutil.objects.ObjectLinkedOpenCustomHashSet,89,net.minecraft.world.item.ItemStackLinkedSet$1,true
78,net.minecraft.world.item.CreativeModeTab,m_260957_,true,it.unimi.dsi.fastutil.objects.ObjectLinkedOpenCustomHashSet,89,net.minecraft.world.item.ItemStackLinkedSet$1,true
79,net.minecraft.world.item.CreativeModeTab,m_261235_,true,it.unimi.dsi.fastutil.objects.ObjectLinkedOpenCustomHashSet,11,net.minecraft.world.item.ItemStackLinkedSet$1,true
79,net.minecraft.world.item.CreativeModeTab,m_260957_,true,it.unimi.dsi.fastutil.objects.ObjectLinkedOpenCustomHashSet,11,net.minecraft.world.item.ItemStackLinkedSet$1,true
80,net.minecraft.world.item.CreativeModeTab,m_261235_,true,it.unimi.dsi.fastutil.objects.ObjectLinkedOpenCustomHashSet,296,net.minecraft.world.item.ItemStackLinkedSet$1,true
80,net.minecraft.world.item.CreativeModeTab,m_260957_,true,it.unimi.dsi.fastutil.objects.ObjectLinkedOpenCustomHashSet,296,net.minecraft.world.item.ItemStackLinkedSet$1,true
81,net.minecraft.world.item.CreativeModeTab,m_261235_,true,it.unimi.dsi.fastutil.objects.ObjectLinkedOpenCustomHashSet,45,net.minecraft.world.item.ItemStackLinkedSet$1,true
81,net.minecraft.world.item.CreativeModeTab,m_260957_,true,it.unimi.dsi.fastutil.objects.ObjectLinkedOpenCustomHashSet,45,net.minecraft.world.item.ItemStackLinkedSet$1,true
82,net.minecraft.world.item.CreativeModeTab,m_261235_,true,it.unimi.dsi.fastutil.objects.ObjectLinkedOpenCustomHashSet,13,net.minecraft.world.item.ItemStackLinkedSet$1,true
82,net.minecraft.world.item.CreativeModeTab,m_260957_,true,it.unimi.dsi.fastutil.objects.ObjectLinkedOpenCustomHashSet,13,net.minecraft.world.item.ItemStackLinkedSet$1,true
83,net.minecraft.world.item.CreativeModeTab,m_261235_,true,it.unimi.dsi.fastutil.objects.ObjectLinkedOpenCustomHashSet,21,net.minecraft.world.item.ItemStackLinkedSet$1,true
83,net.minecraft.world.item.CreativeModeTab,m_260957_,true,it.unimi.dsi.fastutil.objects.ObjectLinkedOpenCustomHashSet,21,net.minecraft.world.item.ItemStackLinkedSet$1,true
84,net.minecraft.world.item.CreativeModeTab,m_261235_,true,it.unimi.dsi.fastutil.objects.ObjectLinkedOpenCustomHashSet,42,net.minecraft.world.item.ItemStackLinkedSet$1,true
84,net.minecraft.world.item.CreativeModeTab,m_260957_,true,it.unimi.dsi.fastutil.objects.ObjectLinkedOpenCustomHashSet,42,net.minecraft.world.item.ItemStackLinkedSet$1,true
85,net.minecraft.world.item.CreativeModeTab,m_261235_,true,it.unimi.dsi.fastutil.objects.ObjectLinkedOpenCustomHashSet,137,net.minecraft.world.item.ItemStackLinkedSet$1,true
85,net.minecraft.world.item.CreativeModeTab,m_260957_,true,it.unimi.dsi.fastutil.objects.ObjectLinkedOpenCustomHashSet,138,net.minecraft.world.item.ItemStackLinkedSet$1,true
86,net.minecraft.world.item.CreativeModeTab,m_261235_,true,it.unimi.dsi.fastutil.objects.ObjectLinkedOpenCustomHashSet,172,net.minecraft.world.item.ItemStackLinkedSet$1,true
86,net.minecraft.world.item.CreativeModeTab,m_260957_,true,it.unimi.dsi.fastutil.objects.ObjectLinkedOpenCustomHashSet,172,net.minecraft.world.item.ItemStackLinkedSet$1,true
87,net.minecraft.world.item.CreativeModeTab,m_261235_,true,it.unimi.dsi.fastutil.objects.ObjectLinkedOpenCustomHashSet,1034,net.minecraft.world.item.ItemStackLinkedSet$1,true
87,net.minecraft.world.item.CreativeModeTab,m_260957_,true,it.unimi.dsi.fastutil.objects.ObjectLinkedOpenCustomHashSet,1034,net.minecraft.world.item.ItemStackLinkedSet$1,true
88,net.minecraft.world.item.CreativeModeTab,m_261235_,true,it.unimi.dsi.fastutil.objects.ObjectLinkedOpenCustomHashSet,1213,net.minecraft.world.item.ItemStackLinkedSet$1,true
88,net.minecraft.world.item.CreativeModeTab,m_260957_,true,it.unimi.dsi.fastutil.objects.ObjectLinkedOpenCustomHashSet,1213,net.minecraft.world.item.ItemStackLinkedSet$1,true
89,net.minecraft.world.item.CreativeModeTab,m_261235_,true,it.unimi.dsi.fastutil.objects.ObjectLinkedOpenCustomHashSet,1704,net.minecraft.world.item.ItemStackLinkedSet$1,true
89,net.minecraft.world.item.CreativeModeTab,m_260957_,true,it.unimi.dsi.fastutil.objects.ObjectLinkedOpenCustomHashSet,1704,net.minecraft.world.item.ItemStackLinkedSet$1,true
90,net.minecraft.world.item.CreativeModeTab,m_261235_,true,it.unimi.dsi.fastutil.objects.ObjectLinkedOpenCustomHashSet,217,net.minecraft.world.item.ItemStackLinkedSet$1,true
90,net.minecraft.world.item.CreativeModeTab,m_260957_,true,it.unimi.dsi.fastutil.objects.ObjectLinkedOpenCustomHashSet,219,net.minecraft.world.item.ItemStackLinkedSet$1,true
91,net.minecraft.world.item.CreativeModeTab,m_261235_,true,it.unimi.dsi.fastutil.objects.ObjectLinkedOpenCustomHashSet,1599,net.minecraft.world.item.ItemStackLinkedSet$1,true
91,net.minecraft.world.item.CreativeModeTab,m_260957_,true,it.unimi.dsi.fastutil.objects.ObjectLinkedOpenCustomHashSet,1599,net.minecraft.world.item.ItemStackLinkedSet$1,true
92,net.minecraft.world.item.CreativeModeTab,m_261235_,true,it.unimi.dsi.fastutil.objects.ObjectLinkedOpenCustomHashSet,1692,net.minecraft.world.item.ItemStackLinkedSet$1,true
92,net.minecraft.world.item.CreativeModeTab,m_260957_,true,it.unimi.dsi.fastutil.objects.ObjectLinkedOpenCustomHashSet,1692,net.minecraft.world.item.ItemStackLinkedSet$1,true
93,net.minecraft.world.item.CreativeModeTab,m_261235_,true,it.unimi.dsi.fastutil.objects.ObjectLinkedOpenCustomHashSet,41,net.minecraft.world.item.ItemStackLinkedSet$1,true
93,net.minecraft.world.item.CreativeModeTab,m_260957_,true,it.unimi.dsi.fastutil.objects.ObjectLinkedOpenCustomHashSet,41,net.minecraft.world.item.ItemStackLinkedSet$1,true
94,net.minecraft.world.item.CreativeModeTab,m_261235_,true,it.unimi.dsi.fastutil.objects.ObjectLinkedOpenCustomHashSet,56,net.minecraft.world.item.ItemStackLinkedSet$1,true
94,net.minecraft.world.item.CreativeModeTab,m_260957_,true,it.unimi.dsi.fastutil.objects.ObjectLinkedOpenCustomHashSet,56,net.minecraft.world.item.ItemStackLinkedSet$1,true
95,net.minecraft.world.item.CreativeModeTab,m_261235_,true,it.unimi.dsi.fastutil.objects.ObjectLinkedOpenCustomHashSet,242,net.minecraft.world.item.ItemStackLinkedSet$1,true
95,net.minecraft.world.item.CreativeModeTab,m_260957_,true,it.unimi.dsi.fastutil.objects.ObjectLinkedOpenCustomHashSet,242,net.minecraft.world.item.ItemStackLinkedSet$1,true
96,net.minecraft.world.item.CreativeModeTab,m_261235_,true,it.unimi.dsi.fastutil.objects.ObjectLinkedOpenCustomHashSet,0,net.minecraft.world.item.ItemStackLinkedSet$1,true
96,net.minecraft.world.item.CreativeModeTab,m_260957_,true,it.unimi.dsi.fastutil.objects.ObjectLinkedOpenCustomHashSet,0,net.minecraft.world.item.ItemStackLinkedSet$1,true
97,net.minecraft.world.item.CreativeModeTab,m_261235_,true,it.unimi.dsi.fastutil.objects.ObjectLinkedOpenCustomHashSet,9,net.minecraft.world.item.ItemStackLinkedSet$1,true
97,net.minecraft.world.item.CreativeModeTab,m_260957_,true,it.unimi.dsi.fastutil.objects.ObjectLinkedOpenCustomHashSet,9,net.minecraft.world.item.ItemStackLinkedSet$1,true
98,net.minecraft.world.item.CreativeModeTab,m_261235_,true,it.unimi.dsi.fastutil.objects.ObjectLinkedOpenCustomHashSet,313,net.minecraft.world.item.ItemStackLinkedSet$1,true
98,net.minecraft.world.item.CreativeModeTab,m_260957_,true,it.unimi.dsi.fastutil.objects.ObjectLinkedOpenCustomHashSet,313,net.minecraft.world.item.ItemStackLinkedSet$1,true
99,net.minecraft.world.item.CreativeModeTab,m_261235_,true,it.unimi.dsi.fastutil.objects.ObjectLinkedOpenCustomHashSet,1,net.minecraft.world.item.ItemStackLinkedSet$1,true
99,net.minecraft.world.item.CreativeModeTab,m_260957_,true,it.unimi.dsi.fastutil.objects.ObjectLinkedOpenCustomHashSet,1,net.minecraft.world.item.ItemStackLinkedSet$1,true
100,net.minecraft.world.item.CreativeModeTab,m_261235_,true,it.unimi.dsi.fastutil.objects.ObjectLinkedOpenCustomHashSet,10,net.minecraft.world.item.ItemStackLinkedSet$1,true
100,net.minecraft.world.item.CreativeModeTab,m_260957_,true,it.unimi.dsi.fastutil.objects.ObjectLinkedOpenCustomHashSet,10,net.minecraft.world.item.ItemStackLinkedSet$1,true
101,net.minecraft.world.item.CreativeModeTab,m_261235_,true,it.unimi.dsi.fastutil.objects.ObjectLinkedOpenCustomHashSet,315,net.minecraft.world.item.ItemStackLinkedSet$1,true
101,net.minecraft.world.item.CreativeModeTab,m_260957_,true,it.unimi.dsi.fastutil.objects.ObjectLinkedOpenCustomHashSet,315,net.minecraft.world.item.ItemStackLinkedSet$1,true
102,net.minecraft.world.item.CreativeModeTab,m_261235_,true,it.unimi.dsi.fastutil.objects.ObjectLinkedOpenCustomHashSet,52,net.minecraft.world.item.ItemStackLinkedSet$1,true
102,net.minecraft.world.item.CreativeModeTab,m_260957_,true,it.unimi.dsi.fastutil.objects.ObjectLinkedOpenCustomHashSet,52,net.minecraft.world.item.ItemStackLinkedSet$1,true
103,net.minecraft.world.item.CreativeModeTab,m_261235_,true,it.unimi.dsi.fastutil.objects.ObjectLinkedOpenCustomHashSet,31,net.minecraft.world.item.ItemStackLinkedSet$1,true
103,net.minecraft.world.item.CreativeModeTab,m_260957_,true,it.unimi.dsi.fastutil.objects.ObjectLinkedOpenCustomHashSet,31,net.minecraft.world.item.ItemStackLinkedSet$1,true
104,net.minecraft.world.item.CreativeModeTab,m_261235_,true,it.unimi.dsi.fastutil.objects.ObjectLinkedOpenCustomHashSet,23,net.minecraft.world.item.ItemStackLinkedSet$1,true
104,net.minecraft.world.item.CreativeModeTab,m_260957_,true,it.unimi.dsi.fastutil.objects.ObjectLinkedOpenCustomHashSet,23,net.minecraft.world.item.ItemStackLinkedSet$1,true
105,net.minecraft.world.item.CreativeModeTab,m_261235_,true,it.unimi.dsi.fastutil.objects.ObjectLinkedOpenCustomHashSet,21,net.minecraft.world.item.ItemStackLinkedSet$1,true
105,net.minecraft.world.item.CreativeModeTab,m_260957_,true,it.unimi.dsi.fastutil.objects.ObjectLinkedOpenCustomHashSet,21,net.minecraft.world.item.ItemStackLinkedSet$1,true
106,net.minecraft.world.item.CreativeModeTab,m_261235_,true,it.unimi.dsi.fastutil.objects.ObjectLinkedOpenCustomHashSet,21,net.minecraft.world.item.ItemStackLinkedSet$1,true
106,net.minecraft.world.item.CreativeModeTab,m_260957_,true,it.unimi.dsi.fastutil.objects.ObjectLinkedOpenCustomHashSet,21,net.minecraft.world.item.ItemStackLinkedSet$1,true
107,net.minecraft.world.item.CreativeModeTab,m_261235_,true,it.unimi.dsi.fastutil.objects.ObjectLinkedOpenCustomHashSet,12,net.minecraft.world.item.ItemStackLinkedSet$1,true
107,net.minecraft.world.item.CreativeModeTab,m_260957_,true,it.unimi.dsi.fastutil.objects.ObjectLinkedOpenCustomHashSet,12,net.minecraft.world.item.ItemStackLinkedSet$1,true
108,net.minecraft.world.item.CreativeModeTab,m_261235_,true,it.unimi.dsi.fastutil.objects.ObjectLinkedOpenCustomHashSet,10,net.minecraft.world.item.ItemStackLinkedSet$1,true
108,net.minecraft.world.item.CreativeModeTab,m_260957_,true,it.unimi.dsi.fastutil.objects.ObjectLinkedOpenCustomHashSet,10,net.minecraft.world.item.ItemStackLinkedSet$1,true
109,net.minecraft.world.item.CreativeModeTab,m_261235_,true,it.unimi.dsi.fastutil.objects.ObjectLinkedOpenCustomHashSet,65,net.minecraft.world.item.ItemStackLinkedSet$1,true
109,net.minecraft.world.item.CreativeModeTab,m_260957_,true,it.unimi.dsi.fastutil.objects.ObjectLinkedOpenCustomHashSet,65,net.minecraft.world.item.ItemStackLinkedSet$1,true
110,net.minecraft.world.item.CreativeModeTab,m_261235_,true,it.unimi.dsi.fastutil.objects.ObjectLinkedOpenCustomHashSet,40,net.minecraft.world.item.ItemStackLinkedSet$1,true
110,net.minecraft.world.item.CreativeModeTab,m_260957_,true,it.unimi.dsi.fastutil.objects.ObjectLinkedOpenCustomHashSet,40,net.minecraft.world.item.ItemStackLinkedSet$1,true
111,net.minecraft.world.item.CreativeModeTab,m_261235_,true,it.unimi.dsi.fastutil.objects.ObjectLinkedOpenCustomHashSet,157,net.minecraft.world.item.ItemStackLinkedSet$1,true
111,net.minecraft.world.item.CreativeModeTab,m_260957_,true,it.unimi.dsi.fastutil.objects.ObjectLinkedOpenCustomHashSet,157,net.minecraft.world.item.ItemStackLinkedSet$1,true
112,net.minecraft.world.item.CreativeModeTab,m_261235_,true,it.unimi.dsi.fastutil.objects.ObjectLinkedOpenCustomHashSet,45,net.minecraft.world.item.ItemStackLinkedSet$1,true
112,net.minecraft.world.item.CreativeModeTab,m_260957_,true,it.unimi.dsi.fastutil.objects.ObjectLinkedOpenCustomHashSet,45,net.minecraft.world.item.ItemStackLinkedSet$1,true
113,net.minecraft.world.item.CreativeModeTab,m_261235_,true,it.unimi.dsi.fastutil.objects.ObjectLinkedOpenCustomHashSet,62,net.minecraft.world.item.ItemStackLinkedSet$1,true
113,net.minecraft.world.item.CreativeModeTab,m_260957_,true,it.unimi.dsi.fastutil.objects.ObjectLinkedOpenCustomHashSet,62,net.minecraft.world.item.ItemStackLinkedSet$1,true
114,net.minecraft.world.item.CreativeModeTab,m_261235_,true,it.unimi.dsi.fastutil.objects.ObjectLinkedOpenCustomHashSet,728,net.minecraft.world.item.ItemStackLinkedSet$1,true
114,net.minecraft.world.item.CreativeModeTab,m_260957_,true,it.unimi.dsi.fastutil.objects.ObjectLinkedOpenCustomHashSet,728,net.minecraft.world.item.ItemStackLinkedSet$1,true
115,net.minecraft.world.item.CreativeModeTab,m_261235_,true,it.unimi.dsi.fastutil.objects.ObjectLinkedOpenCustomHashSet,58,net.minecraft.world.item.ItemStackLinkedSet$1,true
115,net.minecraft.world.item.CreativeModeTab,m_260957_,true,it.unimi.dsi.fastutil.objects.ObjectLinkedOpenCustomHashSet,58,net.minecraft.world.item.ItemStackLinkedSet$1,true
116,net.minecraft.world.item.CreativeModeTab,m_261235_,true,it.unimi.dsi.fastutil.objects.ObjectLinkedOpenCustomHashSet,9,net.minecraft.world.item.ItemStackLinkedSet$1,true
116,net.minecraft.world.item.CreativeModeTab,m_260957_,true,it.unimi.dsi.fastutil.objects.ObjectLinkedOpenCustomHashSet,9,net.minecraft.world.item.ItemStackLinkedSet$1,true
117,net.minecraft.world.item.CreativeModeTab,m_261235_,true,it.unimi.dsi.fastutil.objects.ObjectLinkedOpenCustomHashSet,191,net.minecraft.world.item.ItemStackLinkedSet$1,true
117,net.minecraft.world.item.CreativeModeTab,m_260957_,true,it.unimi.dsi.fastutil.objects.ObjectLinkedOpenCustomHashSet,191,net.minecraft.world.item.ItemStackLinkedSet$1,true
118,net.minecraft.world.item.CreativeModeTab,m_261235_,true,it.unimi.dsi.fastutil.objects.ObjectLinkedOpenCustomHashSet,23,net.minecraft.world.item.ItemStackLinkedSet$1,true
118,net.minecraft.world.item.CreativeModeTab,m_260957_,true,it.unimi.dsi.fastutil.objects.ObjectLinkedOpenCustomHashSet,23,net.minecraft.world.item.ItemStackLinkedSet$1,true
119,net.minecraft.world.item.CreativeModeTab,m_261235_,true,it.unimi.dsi.fastutil.objects.ObjectLinkedOpenCustomHashSet,128,net.minecraft.world.item.ItemStackLinkedSet$1,true
119,net.minecraft.world.item.CreativeModeTab,m_260957_,true,it.unimi.dsi.fastutil.objects.ObjectLinkedOpenCustomHashSet,128,net.minecraft.world.item.ItemStackLinkedSet$1,true
120,net.minecraft.world.item.CreativeModeTab,m_261235_,true,it.unimi.dsi.fastutil.objects.ObjectLinkedOpenCustomHashSet,133,net.minecraft.world.item.ItemStackLinkedSet$1,true
120,net.minecraft.world.item.CreativeModeTab,m_260957_,true,it.unimi.dsi.fastutil.objects.ObjectLinkedOpenCustomHashSet,133,net.minecraft.world.item.ItemStackLinkedSet$1,true
121,net.minecraft.world.item.CreativeModeTab,m_261235_,true,it.unimi.dsi.fastutil.objects.ObjectLinkedOpenCustomHashSet,2,net.minecraft.world.item.ItemStackLinkedSet$1,true
121,net.minecraft.world.item.CreativeModeTab,m_260957_,true,it.unimi.dsi.fastutil.objects.ObjectLinkedOpenCustomHashSet,2,net.minecraft.world.item.ItemStackLinkedSet$1,true
122,net.minecraft.world.item.CreativeModeTab,m_261235_,true,it.unimi.dsi.fastutil.objects.ObjectLinkedOpenCustomHashSet,26,net.minecraft.world.item.ItemStackLinkedSet$1,true
122,net.minecraft.world.item.CreativeModeTab,m_260957_,true,it.unimi.dsi.fastutil.objects.ObjectLinkedOpenCustomHashSet,26,net.minecraft.world.item.ItemStackLinkedSet$1,true
123,net.minecraft.world.item.CreativeModeTab,m_261235_,true,it.unimi.dsi.fastutil.objects.ObjectLinkedOpenCustomHashSet,48,net.minecraft.world.item.ItemStackLinkedSet$1,true
123,net.minecraft.world.item.CreativeModeTab,m_260957_,true,it.unimi.dsi.fastutil.objects.ObjectLinkedOpenCustomHashSet,48,net.minecraft.world.item.ItemStackLinkedSet$1,true
124,net.minecraft.world.item.CreativeModeTab,m_261235_,true,it.unimi.dsi.fastutil.objects.ObjectLinkedOpenCustomHashSet,36,net.minecraft.world.item.ItemStackLinkedSet$1,true
124,net.minecraft.world.item.CreativeModeTab,m_260957_,true,it.unimi.dsi.fastutil.objects.ObjectLinkedOpenCustomHashSet,36,net.minecraft.world.item.ItemStackLinkedSet$1,true
125,net.minecraft.world.item.CreativeModeTab,m_261235_,true,it.unimi.dsi.fastutil.objects.ObjectLinkedOpenCustomHashSet,116,net.minecraft.world.item.ItemStackLinkedSet$1,true
125,net.minecraft.world.item.CreativeModeTab,m_260957_,true,it.unimi.dsi.fastutil.objects.ObjectLinkedOpenCustomHashSet,116,net.minecraft.world.item.ItemStackLinkedSet$1,true
126,net.minecraft.world.item.CreativeModeTab,m_261235_,true,it.unimi.dsi.fastutil.objects.ObjectLinkedOpenCustomHashSet,29,net.minecraft.world.item.ItemStackLinkedSet$1,true
126,net.minecraft.world.item.CreativeModeTab,m_260957_,true,it.unimi.dsi.fastutil.objects.ObjectLinkedOpenCustomHashSet,29,net.minecraft.world.item.ItemStackLinkedSet$1,true
127,net.minecraft.world.item.CreativeModeTab,m_261235_,true,it.unimi.dsi.fastutil.objects.ObjectLinkedOpenCustomHashSet,389,net.minecraft.world.item.ItemStackLinkedSet$1,true
127,net.minecraft.world.item.CreativeModeTab,m_260957_,true,it.unimi.dsi.fastutil.objects.ObjectLinkedOpenCustomHashSet,389,net.minecraft.world.item.ItemStackLinkedSet$1,true
128,net.minecraft.world.item.CreativeModeTab,m_261235_,true,it.unimi.dsi.fastutil.objects.ObjectLinkedOpenCustomHashSet,330,net.minecraft.world.item.ItemStackLinkedSet$1,true
128,net.minecraft.world.item.CreativeModeTab,m_260957_,true,it.unimi.dsi.fastutil.objects.ObjectLinkedOpenCustomHashSet,330,net.minecraft.world.item.ItemStackLinkedSet$1,true
129,net.minecraft.world.item.CreativeModeTab,m_261235_,true,it.unimi.dsi.fastutil.objects.ObjectLinkedOpenCustomHashSet,131,net.minecraft.world.item.ItemStackLinkedSet$1,true
129,net.minecraft.world.item.CreativeModeTab,m_260957_,true,it.unimi.dsi.fastutil.objects.ObjectLinkedOpenCustomHashSet,131,net.minecraft.world.item.ItemStackLinkedSet$1,true
130,net.minecraft.world.item.CreativeModeTab,m_261235_,true,it.unimi.dsi.fastutil.objects.ObjectLinkedOpenCustomHashSet,315,net.minecraft.world.item.ItemStackLinkedSet$1,true
130,net.minecraft.world.item.CreativeModeTab,m_260957_,true,it.unimi.dsi.fastutil.objects.ObjectLinkedOpenCustomHashSet,315,net.minecraft.world.item.ItemStackLinkedSet$1,true
131,net.minecraft.world.item.CreativeModeTab,m_261235_,true,it.unimi.dsi.fastutil.objects.ObjectLinkedOpenCustomHashSet,3,net.minecraft.world.item.ItemStackLinkedSet$1,true
131,net.minecraft.world.item.CreativeModeTab,m_260957_,true,it.unimi.dsi.fastutil.objects.ObjectLinkedOpenCustomHashSet,3,net.minecraft.world.item.ItemStackLinkedSet$1,true
132,net.minecraft.world.item.CreativeModeTab,m_261235_,true,it.unimi.dsi.fastutil.objects.ObjectLinkedOpenCustomHashSet,1,net.minecraft.world.item.ItemStackLinkedSet$1,true
132,net.minecraft.world.item.CreativeModeTab,m_260957_,true,it.unimi.dsi.fastutil.objects.ObjectLinkedOpenCustomHashSet,1,net.minecraft.world.item.ItemStackLinkedSet$1,true
133,mekanism.common.registration.impl.CreativeTabDeferredRegister$MekanismCreativeTab,m_261235_,true,it.unimi.dsi.fastutil.objects.ObjectLinkedOpenCustomHashSet,677,net.minecraft.world.item.ItemStackLinkedSet$1,true
133,mekanism.common.registration.impl.CreativeTabDeferredRegister$MekanismCreativeTab,m_260957_,true,it.unimi.dsi.fastutil.objects.ObjectLinkedOpenCustomHashSet,677,net.minecraft.world.item.ItemStackLinkedSet$1,true
134,mekanism.common.registration.impl.CreativeTabDeferredRegister$MekanismCreativeTab,m_261235_,true,it.unimi.dsi.fastutil.objects.ObjectLinkedOpenCustomHashSet,34,net.minecraft.world.item.ItemStackLinkedSet$1,true
134,mekanism.common.registration.impl.CreativeTabDeferredRegister$MekanismCreativeTab,m_260957_,true,it.unimi.dsi.fastutil.objects.ObjectLinkedOpenCustomHashSet,34,net.minecraft.world.item.ItemStackLinkedSet$1,true
135,net.minecraft.world.item.CreativeModeTab,m_261235_,true,it.unimi.dsi.fastutil.objects.ObjectLinkedOpenCustomHashSet,16,net.minecraft.world.item.ItemStackLinkedSet$1,true
135,net.minecraft.world.item.CreativeModeTab,m_260957_,true,it.unimi.dsi.fastutil.objects.ObjectLinkedOpenCustomHashSet,16,net.minecraft.world.item.ItemStackLinkedSet$1,true
136,net.minecraft.world.item.CreativeModeTab,m_261235_,true,it.unimi.dsi.fastutil.objects.ObjectLinkedOpenCustomHashSet,524,net.minecraft.world.item.ItemStackLinkedSet$1,true
136,net.minecraft.world.item.CreativeModeTab,m_260957_,true,it.unimi.dsi.fastutil.objects.ObjectLinkedOpenCustomHashSet,524,net.minecraft.world.item.ItemStackLinkedSet$1,true
137,net.minecraft.world.item.CreativeModeTab,m_261235_,true,it.unimi.dsi.fastutil.objects.ObjectLinkedOpenCustomHashSet,102,net.minecraft.world.item.ItemStackLinkedSet$1,true
137,net.minecraft.world.item.CreativeModeTab,m_260957_,true,it.unimi.dsi.fastutil.objects.ObjectLinkedOpenCustomHashSet,102,net.minecraft.world.item.ItemStackLinkedSet$1,true
138,net.minecraft.world.item.CreativeModeTab,m_261235_,true,it.unimi.dsi.fastutil.objects.ObjectLinkedOpenCustomHashSet,11,net.minecraft.world.item.ItemStackLinkedSet$1,true
138,net.minecraft.world.item.CreativeModeTab,m_260957_,true,it.unimi.dsi.fastutil.objects.ObjectLinkedOpenCustomHashSet,11,net.minecraft.world.item.ItemStackLinkedSet$1,true
139,net.minecraft.world.item.CreativeModeTab,m_261235_,true,it.unimi.dsi.fastutil.objects.ObjectLinkedOpenCustomHashSet,22,net.minecraft.world.item.ItemStackLinkedSet$1,true
139,net.minecraft.world.item.CreativeModeTab,m_260957_,true,it.unimi.dsi.fastutil.objects.ObjectLinkedOpenCustomHashSet,22,net.minecraft.world.item.ItemStackLinkedSet$1,true
140,net.minecraft.world.item.CreativeModeTab,m_261235_,true,it.unimi.dsi.fastutil.objects.ObjectLinkedOpenCustomHashSet,189,net.minecraft.world.item.ItemStackLinkedSet$1,true
140,net.minecraft.world.item.CreativeModeTab,m_260957_,true,it.unimi.dsi.fastutil.objects.ObjectLinkedOpenCustomHashSet,189,net.minecraft.world.item.ItemStackLinkedSet$1,true
141,net.minecraft.world.item.CreativeModeTab,m_261235_,true,it.unimi.dsi.fastutil.objects.ObjectLinkedOpenCustomHashSet,786,net.minecraft.world.item.ItemStackLinkedSet$1,true
141,net.minecraft.world.item.CreativeModeTab,m_260957_,true,it.unimi.dsi.fastutil.objects.ObjectLinkedOpenCustomHashSet,786,net.minecraft.world.item.ItemStackLinkedSet$1,true
142,net.minecraft.world.item.CreativeModeTab,m_261235_,true,it.unimi.dsi.fastutil.objects.ObjectLinkedOpenCustomHashSet,323,net.minecraft.world.item.ItemStackLinkedSet$1,true
142,net.minecraft.world.item.CreativeModeTab,m_260957_,true,it.unimi.dsi.fastutil.objects.ObjectLinkedOpenCustomHashSet,323,net.minecraft.world.item.ItemStackLinkedSet$1,true
143,net.minecraft.world.item.CreativeModeTab,m_261235_,true,it.unimi.dsi.fastutil.objects.ObjectLinkedOpenCustomHashSet,563,net.minecraft.world.item.ItemStackLinkedSet$1,true
143,net.minecraft.world.item.CreativeModeTab,m_260957_,true,it.unimi.dsi.fastutil.objects.ObjectLinkedOpenCustomHashSet,563,net.minecraft.world.item.ItemStackLinkedSet$1,true
144,net.minecraft.world.item.CreativeModeTab,m_261235_,true,it.unimi.dsi.fastutil.objects.ObjectLinkedOpenCustomHashSet,16,net.minecraft.world.item.ItemStackLinkedSet$1,true
144,net.minecraft.world.item.CreativeModeTab,m_260957_,true,it.unimi.dsi.fastutil.objects.ObjectLinkedOpenCustomHashSet,16,net.minecraft.world.item.ItemStackLinkedSet$1,true
145,net.minecraft.world.item.CreativeModeTab,m_261235_,true,it.unimi.dsi.fastutil.objects.ObjectLinkedOpenCustomHashSet,332,net.minecraft.world.item.ItemStackLinkedSet$1,true
145,net.minecraft.world.item.CreativeModeTab,m_260957_,true,it.unimi.dsi.fastutil.objects.ObjectLinkedOpenCustomHashSet,332,net.minecraft.world.item.ItemStackLinkedSet$1,true
146,net.minecraft.world.item.CreativeModeTab,m_261235_,true,it.unimi.dsi.fastutil.objects.ObjectLinkedOpenCustomHashSet,118,net.minecraft.world.item.ItemStackLinkedSet$1,true
146,net.minecraft.world.item.CreativeModeTab,m_260957_,true,it.unimi.dsi.fastutil.objects.ObjectLinkedOpenCustomHashSet,118,net.minecraft.world.item.ItemStackLinkedSet$1,true
147,net.minecraft.world.item.CreativeModeTab,m_261235_,true,it.unimi.dsi.fastutil.objects.ObjectLinkedOpenCustomHashSet,73,net.minecraft.world.item.ItemStackLinkedSet$1,true
147,net.minecraft.world.item.CreativeModeTab,m_260957_,true,it.unimi.dsi.fastutil.objects.ObjectLinkedOpenCustomHashSet,73,net.minecraft.world.item.ItemStackLinkedSet$1,true
148,net.minecraft.world.item.CreativeModeTab,m_261235_,true,it.unimi.dsi.fastutil.objects.ObjectLinkedOpenCustomHashSet,29,net.minecraft.world.item.ItemStackLinkedSet$1,true
148,net.minecraft.world.item.CreativeModeTab,m_260957_,true,it.unimi.dsi.fastutil.objects.ObjectLinkedOpenCustomHashSet,29,net.minecraft.world.item.ItemStackLinkedSet$1,true
149,net.minecraft.world.item.CreativeModeTab,m_261235_,true,it.unimi.dsi.fastutil.objects.ObjectLinkedOpenCustomHashSet,81,net.minecraft.world.item.ItemStackLinkedSet$1,true
149,net.minecraft.world.item.CreativeModeTab,m_260957_,true,it.unimi.dsi.fastutil.objects.ObjectLinkedOpenCustomHashSet,81,net.minecraft.world.item.ItemStackLinkedSet$1,true
150,net.minecraft.world.item.CreativeModeTab,m_261235_,true,it.unimi.dsi.fastutil.objects.ObjectLinkedOpenCustomHashSet,10,net.minecraft.world.item.ItemStackLinkedSet$1,true
150,net.minecraft.world.item.CreativeModeTab,m_260957_,true,it.unimi.dsi.fastutil.objects.ObjectLinkedOpenCustomHashSet,10,net.minecraft.world.item.ItemStackLinkedSet$1,true
151,net.minecraft.world.item.CreativeModeTab,m_261235_,true,it.unimi.dsi.fastutil.objects.ObjectLinkedOpenCustomHashSet,185,net.minecraft.world.item.ItemStackLinkedSet$1,true
151,net.minecraft.world.item.CreativeModeTab,m_260957_,true,it.unimi.dsi.fastutil.objects.ObjectLinkedOpenCustomHashSet,185,net.minecraft.world.item.ItemStackLinkedSet$1,true
152,net.minecraft.world.item.CreativeModeTab,m_261235_,true,it.unimi.dsi.fastutil.objects.ObjectLinkedOpenCustomHashSet,79,net.minecraft.world.item.ItemStackLinkedSet$1,true
152,net.minecraft.world.item.CreativeModeTab,m_260957_,true,it.unimi.dsi.fastutil.objects.ObjectLinkedOpenCustomHashSet,79,net.minecraft.world.item.ItemStackLinkedSet$1,true
153,net.minecraft.world.item.CreativeModeTab,m_261235_,true,it.unimi.dsi.fastutil.objects.ObjectLinkedOpenCustomHashSet,101,net.minecraft.world.item.ItemStackLinkedSet$1,true
153,net.minecraft.world.item.CreativeModeTab,m_260957_,true,it.unimi.dsi.fastutil.objects.ObjectLinkedOpenCustomHashSet,101,net.minecraft.world.item.ItemStackLinkedSet$1,true
154,net.minecraft.world.item.CreativeModeTab,m_261235_,true,it.unimi.dsi.fastutil.objects.ObjectLinkedOpenCustomHashSet,252,net.minecraft.world.item.ItemStackLinkedSet$1,true
154,net.minecraft.world.item.CreativeModeTab,m_260957_,true,it.unimi.dsi.fastutil.objects.ObjectLinkedOpenCustomHashSet,252,net.minecraft.world.item.ItemStackLinkedSet$1,true
155,net.minecraft.world.item.CreativeModeTab,m_261235_,true,it.unimi.dsi.fastutil.objects.ObjectLinkedOpenCustomHashSet,121,net.minecraft.world.item.ItemStackLinkedSet$1,true
155,net.minecraft.world.item.CreativeModeTab,m_260957_,true,it.unimi.dsi.fastutil.objects.ObjectLinkedOpenCustomHashSet,121,net.minecraft.world.item.ItemStackLinkedSet$1,true
156,net.minecraft.world.item.CreativeModeTab,m_261235_,true,it.unimi.dsi.fastutil.objects.ObjectLinkedOpenCustomHashSet,421,net.minecraft.world.item.ItemStackLinkedSet$1,true
156,net.minecraft.world.item.CreativeModeTab,m_260957_,true,it.unimi.dsi.fastutil.objects.ObjectLinkedOpenCustomHashSet,421,net.minecraft.world.item.ItemStackLinkedSet$1,true
157,net.minecraft.world.item.CreativeModeTab,m_261235_,true,it.unimi.dsi.fastutil.objects.ObjectLinkedOpenCustomHashSet,54,net.minecraft.world.item.ItemStackLinkedSet$1,true
157,net.minecraft.world.item.CreativeModeTab,m_260957_,true,it.unimi.dsi.fastutil.objects.ObjectLinkedOpenCustomHashSet,54,net.minecraft.world.item.ItemStackLinkedSet$1,true
158,net.minecraft.world.item.CreativeModeTab,m_261235_,true,it.unimi.dsi.fastutil.objects.ObjectLinkedOpenCustomHashSet,119,net.minecraft.world.item.ItemStackLinkedSet$1,true
158,net.minecraft.world.item.CreativeModeTab,m_260957_,true,it.unimi.dsi.fastutil.objects.ObjectLinkedOpenCustomHashSet,119,net.minecraft.world.item.ItemStackLinkedSet$1,true
159,net.minecraft.world.item.CreativeModeTab,m_261235_,true,it.unimi.dsi.fastutil.objects.ObjectLinkedOpenCustomHashSet,16,net.minecraft.world.item.ItemStackLinkedSet$1,true
159,net.minecraft.world.item.CreativeModeTab,m_260957_,true,it.unimi.dsi.fastutil.objects.ObjectLinkedOpenCustomHashSet,16,net.minecraft.world.item.ItemStackLinkedSet$1,true
160,net.minecraft.world.item.CreativeModeTab,m_261235_,true,it.unimi.dsi.fastutil.objects.ObjectLinkedOpenCustomHashSet,58,net.minecraft.world.item.ItemStackLinkedSet$1,true
160,net.minecraft.world.item.CreativeModeTab,m_260957_,true,it.unimi.dsi.fastutil.objects.ObjectLinkedOpenCustomHashSet,58,net.minecraft.world.item.ItemStackLinkedSet$1,true
161,net.minecraft.world.item.CreativeModeTab,m_261235_,true,it.unimi.dsi.fastutil.objects.ObjectLinkedOpenCustomHashSet,3269,net.minecraft.world.item.ItemStackLinkedSet$1,true
161,net.minecraft.world.item.CreativeModeTab,m_260957_,true,it.unimi.dsi.fastutil.objects.ObjectLinkedOpenCustomHashSet,3269,net.minecraft.world.item.ItemStackLinkedSet$1,true
162,net.minecraft.world.item.CreativeModeTab,m_261235_,true,it.unimi.dsi.fastutil.objects.ObjectLinkedOpenCustomHashSet,37,net.minecraft.world.item.ItemStackLinkedSet$1,true
162,net.minecraft.world.item.CreativeModeTab,m_260957_,true,it.unimi.dsi.fastutil.objects.ObjectLinkedOpenCustomHashSet,37,net.minecraft.world.item.ItemStackLinkedSet$1,true
163,net.minecraft.world.item.CreativeModeTab,m_261235_,true,it.unimi.dsi.fastutil.objects.ObjectLinkedOpenCustomHashSet,90,net.minecraft.world.item.ItemStackLinkedSet$1,true
163,net.minecraft.world.item.CreativeModeTab,m_260957_,true,it.unimi.dsi.fastutil.objects.ObjectLinkedOpenCustomHashSet,90,net.minecraft.world.item.ItemStackLinkedSet$1,true
164,net.minecraft.world.item.CreativeModeTab,m_261235_,true,it.unimi.dsi.fastutil.objects.ObjectLinkedOpenCustomHashSet,582,net.minecraft.world.item.ItemStackLinkedSet$1,true
164,net.minecraft.world.item.CreativeModeTab,m_260957_,true,it.unimi.dsi.fastutil.objects.ObjectLinkedOpenCustomHashSet,582,net.minecraft.world.item.ItemStackLinkedSet$1,true
165,net.minecraft.world.item.CreativeModeTab,m_261235_,true,it.unimi.dsi.fastutil.objects.ObjectLinkedOpenCustomHashSet,120,net.minecraft.world.item.ItemStackLinkedSet$1,true
165,net.minecraft.world.item.CreativeModeTab,m_260957_,true,it.unimi.dsi.fastutil.objects.ObjectLinkedOpenCustomHashSet,120,net.minecraft.world.item.ItemStackLinkedSet$1,true
166,net.minecraft.world.item.CreativeModeTab,m_261235_,true,it.unimi.dsi.fastutil.objects.ObjectLinkedOpenCustomHashSet,80,net.minecraft.world.item.ItemStackLinkedSet$1,true
166,net.minecraft.world.item.CreativeModeTab,m_260957_,true,it.unimi.dsi.fastutil.objects.ObjectLinkedOpenCustomHashSet,80,net.minecraft.world.item.ItemStackLinkedSet$1,true
167,net.minecraft.world.item.CreativeModeTab,m_261235_,true,it.unimi.dsi.fastutil.objects.ObjectLinkedOpenCustomHashSet,96,net.minecraft.world.item.ItemStackLinkedSet$1,true
167,net.minecraft.world.item.CreativeModeTab,m_260957_,true,it.unimi.dsi.fastutil.objects.ObjectLinkedOpenCustomHashSet,96,net.minecraft.world.item.ItemStackLinkedSet$1,true
168,net.minecraft.world.item.CreativeModeTab,m_261235_,true,it.unimi.dsi.fastutil.objects.ObjectLinkedOpenCustomHashSet,301,net.minecraft.world.item.ItemStackLinkedSet$1,true
168,net.minecraft.world.item.CreativeModeTab,m_260957_,true,it.unimi.dsi.fastutil.objects.ObjectLinkedOpenCustomHashSet,301,net.minecraft.world.item.ItemStackLinkedSet$1,true
169,net.minecraft.world.item.CreativeModeTab,m_261235_,true,it.unimi.dsi.fastutil.objects.ObjectLinkedOpenCustomHashSet,130,net.minecraft.world.item.ItemStackLinkedSet$1,true
169,net.minecraft.world.item.CreativeModeTab,m_260957_,true,it.unimi.dsi.fastutil.objects.ObjectLinkedOpenCustomHashSet,130,net.minecraft.world.item.ItemStackLinkedSet$1,true
170,net.minecraft.world.item.CreativeModeTab,m_261235_,true,it.unimi.dsi.fastutil.objects.ObjectLinkedOpenCustomHashSet,0,net.minecraft.world.item.ItemStackLinkedSet$1,true
170,net.minecraft.world.item.CreativeModeTab,m_260957_,true,it.unimi.dsi.fastutil.objects.ObjectLinkedOpenCustomHashSet,0,net.minecraft.world.item.ItemStackLinkedSet$1,true
171,net.minecraft.world.item.CreativeModeTab,m_261235_,true,it.unimi.dsi.fastutil.objects.ObjectLinkedOpenCustomHashSet,63,net.minecraft.world.item.ItemStackLinkedSet$1,true
171,net.minecraft.world.item.CreativeModeTab,m_260957_,true,it.unimi.dsi.fastutil.objects.ObjectLinkedOpenCustomHashSet,63,net.minecraft.world.item.ItemStackLinkedSet$1,true
172,net.minecraft.world.item.CreativeModeTab,m_261235_,true,it.unimi.dsi.fastutil.objects.ObjectLinkedOpenCustomHashSet,180,net.minecraft.world.item.ItemStackLinkedSet$1,true
172,net.minecraft.world.item.CreativeModeTab,m_260957_,true,it.unimi.dsi.fastutil.objects.ObjectLinkedOpenCustomHashSet,180,net.minecraft.world.item.ItemStackLinkedSet$1,true
173,net.minecraft.world.item.CreativeModeTab,m_261235_,true,it.unimi.dsi.fastutil.objects.ObjectLinkedOpenCustomHashSet,296,net.minecraft.world.item.ItemStackLinkedSet$1,true
173,net.minecraft.world.item.CreativeModeTab,m_260957_,true,it.unimi.dsi.fastutil.objects.ObjectLinkedOpenCustomHashSet,296,net.minecraft.world.item.ItemStackLinkedSet$1,true
174,net.minecraft.world.item.CreativeModeTab,m_261235_,true,it.unimi.dsi.fastutil.objects.ObjectLinkedOpenCustomHashSet,7,net.minecraft.world.item.ItemStackLinkedSet$1,true
174,net.minecraft.world.item.CreativeModeTab,m_260957_,true,it.unimi.dsi.fastutil.objects.ObjectLinkedOpenCustomHashSet,7,net.minecraft.world.item.ItemStackLinkedSet$1,true
175,net.minecraft.world.item.CreativeModeTab,m_261235_,true,it.unimi.dsi.fastutil.objects.ObjectLinkedOpenCustomHashSet,386,net.minecraft.world.item.ItemStackLinkedSet$1,true
175,net.minecraft.world.item.CreativeModeTab,m_260957_,true,it.unimi.dsi.fastutil.objects.ObjectLinkedOpenCustomHashSet,386,net.minecraft.world.item.ItemStackLinkedSet$1,true
176,net.minecraft.world.item.CreativeModeTab,m_261235_,true,it.unimi.dsi.fastutil.objects.ObjectLinkedOpenCustomHashSet,9,net.minecraft.world.item.ItemStackLinkedSet$1,true
176,net.minecraft.world.item.CreativeModeTab,m_260957_,true,it.unimi.dsi.fastutil.objects.ObjectLinkedOpenCustomHashSet,9,net.minecraft.world.item.ItemStackLinkedSet$1,true
177,net.minecraft.world.item.CreativeModeTab,m_261235_,true,it.unimi.dsi.fastutil.objects.ObjectLinkedOpenCustomHashSet,174,net.minecraft.world.item.ItemStackLinkedSet$1,true
177,net.minecraft.world.item.CreativeModeTab,m_260957_,true,it.unimi.dsi.fastutil.objects.ObjectLinkedOpenCustomHashSet,174,net.minecraft.world.item.ItemStackLinkedSet$1,true
178,net.minecraft.world.item.CreativeModeTab,m_261235_,true,it.unimi.dsi.fastutil.objects.ObjectLinkedOpenCustomHashSet,13,net.minecraft.world.item.ItemStackLinkedSet$1,true
178,net.minecraft.world.item.CreativeModeTab,m_260957_,true,it.unimi.dsi.fastutil.objects.ObjectLinkedOpenCustomHashSet,13,net.minecraft.world.item.ItemStackLinkedSet$1,true
179,net.minecraft.world.item.CreativeModeTab,m_261235_,true,it.unimi.dsi.fastutil.objects.ObjectLinkedOpenCustomHashSet,38,net.minecraft.world.item.ItemStackLinkedSet$1,true
179,net.minecraft.world.item.CreativeModeTab,m_260957_,true,it.unimi.dsi.fastutil.objects.ObjectLinkedOpenCustomHashSet,38,net.minecraft.world.item.ItemStackLinkedSet$1,true
180,net.minecraft.world.item.CreativeModeTab,m_261235_,true,it.unimi.dsi.fastutil.objects.ObjectLinkedOpenCustomHashSet,34,net.minecraft.world.item.ItemStackLinkedSet$1,true
180,net.minecraft.world.item.CreativeModeTab,m_260957_,true,it.unimi.dsi.fastutil.objects.ObjectLinkedOpenCustomHashSet,34,net.minecraft.world.item.ItemStackLinkedSet$1,true
181,net.minecraft.world.item.CreativeModeTab,m_261235_,true,it.unimi.dsi.fastutil.objects.ObjectLinkedOpenCustomHashSet,431,net.minecraft.world.item.ItemStackLinkedSet$1,true
181,net.minecraft.world.item.CreativeModeTab,m_260957_,true,it.unimi.dsi.fastutil.objects.ObjectLinkedOpenCustomHashSet,431,net.minecraft.world.item.ItemStackLinkedSet$1,true
182,net.minecraft.world.item.CreativeModeTab,m_261235_,true,it.unimi.dsi.fastutil.objects.ObjectLinkedOpenCustomHashSet,68,net.minecraft.world.item.ItemStackLinkedSet$1,true
182,net.minecraft.world.item.CreativeModeTab,m_260957_,true,it.unimi.dsi.fastutil.objects.ObjectLinkedOpenCustomHashSet,68,net.minecraft.world.item.ItemStackLinkedSet$1,true
183,net.minecraft.world.item.CreativeModeTab,m_261235_,true,it.unimi.dsi.fastutil.objects.ObjectLinkedOpenCustomHashSet,127,net.minecraft.world.item.ItemStackLinkedSet$1,true
183,net.minecraft.world.item.CreativeModeTab,m_260957_,true,it.unimi.dsi.fastutil.objects.ObjectLinkedOpenCustomHashSet,127,net.minecraft.world.item.ItemStackLinkedSet$1,true
184,net.minecraft.world.item.CreativeModeTab,m_261235_,true,it.unimi.dsi.fastutil.objects.ObjectLinkedOpenCustomHashSet,90,net.minecraft.world.item.ItemStackLinkedSet$1,true
184,net.minecraft.world.item.CreativeModeTab,m_260957_,true,it.unimi.dsi.fastutil.objects.ObjectLinkedOpenCustomHashSet,90,net.minecraft.world.item.ItemStackLinkedSet$1,true
185,net.minecraft.world.item.CreativeModeTab,m_261235_,true,it.unimi.dsi.fastutil.objects.ObjectLinkedOpenCustomHashSet,60,net.minecraft.world.item.ItemStackLinkedSet$1,true
185,net.minecraft.world.item.CreativeModeTab,m_260957_,true,it.unimi.dsi.fastutil.objects.ObjectLinkedOpenCustomHashSet,60,net.minecraft.world.item.ItemStackLinkedSet$1,true
186,net.minecraft.world.item.CreativeModeTab,m_261235_,true,it.unimi.dsi.fastutil.objects.ObjectLinkedOpenCustomHashSet,7,net.minecraft.world.item.ItemStackLinkedSet$1,true
186,net.minecraft.world.item.CreativeModeTab,m_260957_,true,it.unimi.dsi.fastutil.objects.ObjectLinkedOpenCustomHashSet,7,net.minecraft.world.item.ItemStackLinkedSet$1,true
187,net.minecraft.world.item.CreativeModeTab,m_261235_,true,it.unimi.dsi.fastutil.objects.ObjectLinkedOpenCustomHashSet,4,net.minecraft.world.item.ItemStackLinkedSet$1,true
187,net.minecraft.world.item.CreativeModeTab,m_260957_,true,it.unimi.dsi.fastutil.objects.ObjectLinkedOpenCustomHashSet,4,net.minecraft.world.item.ItemStackLinkedSet$1,true
188,net.minecraft.world.item.CreativeModeTab,m_261235_,true,it.unimi.dsi.fastutil.objects.ObjectLinkedOpenCustomHashSet,568,net.minecraft.world.item.ItemStackLinkedSet$1,true
188,net.minecraft.world.item.CreativeModeTab,m_260957_,true,it.unimi.dsi.fastutil.objects.ObjectLinkedOpenCustomHashSet,568,net.minecraft.world.item.ItemStackLinkedSet$1,true
189,net.minecraft.world.item.CreativeModeTab,m_261235_,true,it.unimi.dsi.fastutil.objects.ObjectLinkedOpenCustomHashSet,425,net.minecraft.world.item.ItemStackLinkedSet$1,true
189,net.minecraft.world.item.CreativeModeTab,m_260957_,true,it.unimi.dsi.fastutil.objects.ObjectLinkedOpenCustomHashSet,425,net.minecraft.world.item.ItemStackLinkedSet$1,true
190,net.minecraft.world.item.CreativeModeTab,m_261235_,true,it.unimi.dsi.fastutil.objects.ObjectLinkedOpenCustomHashSet,3,net.minecraft.world.item.ItemStackLinkedSet$1,true
190,net.minecraft.world.item.CreativeModeTab,m_260957_,true,it.unimi.dsi.fastutil.objects.ObjectLinkedOpenCustomHashSet,3,net.minecraft.world.item.ItemStackLinkedSet$1,true
191,net.minecraft.world.item.CreativeModeTab,m_261235_,true,it.unimi.dsi.fastutil.objects.ObjectLinkedOpenCustomHashSet,11,net.minecraft.world.item.ItemStackLinkedSet$1,true
191,net.minecraft.world.item.CreativeModeTab,m_260957_,true,it.unimi.dsi.fastutil.objects.ObjectLinkedOpenCustomHashSet,11,net.minecraft.world.item.ItemStackLinkedSet$1,true
192,net.minecraft.world.item.CreativeModeTab,m_261235_,true,it.unimi.dsi.fastutil.objects.ObjectLinkedOpenCustomHashSet,20,net.minecraft.world.item.ItemStackLinkedSet$1,true
192,net.minecraft.world.item.CreativeModeTab,m_260957_,true,it.unimi.dsi.fastutil.objects.ObjectLinkedOpenCustomHashSet,20,net.minecraft.world.item.ItemStackLinkedSet$1,true
193,net.minecraft.world.item.CreativeModeTab,m_261235_,true,it.unimi.dsi.fastutil.objects.ObjectLinkedOpenCustomHashSet,28,net.minecraft.world.item.ItemStackLinkedSet$1,true
193,net.minecraft.world.item.CreativeModeTab,m_260957_,true,it.unimi.dsi.fastutil.objects.ObjectLinkedOpenCustomHashSet,28,net.minecraft.world.item.ItemStackLinkedSet$1,true
194,net.minecraft.world.item.CreativeModeTab,m_261235_,true,it.unimi.dsi.fastutil.objects.ObjectLinkedOpenCustomHashSet,14,net.minecraft.world.item.ItemStackLinkedSet$1,true
194,net.minecraft.world.item.CreativeModeTab,m_260957_,true,it.unimi.dsi.fastutil.objects.ObjectLinkedOpenCustomHashSet,14,net.minecraft.world.item.ItemStackLinkedSet$1,true
195,net.minecraft.world.item.CreativeModeTab,m_261235_,true,it.unimi.dsi.fastutil.objects.ObjectLinkedOpenCustomHashSet,12,net.minecraft.world.item.ItemStackLinkedSet$1,true
195,net.minecraft.world.item.CreativeModeTab,m_260957_,true,it.unimi.dsi.fastutil.objects.ObjectLinkedOpenCustomHashSet,12,net.minecraft.world.item.ItemStackLinkedSet$1,true
196,net.minecraft.world.item.CreativeModeTab,m_261235_,true,it.unimi.dsi.fastutil.objects.ObjectLinkedOpenCustomHashSet,11,net.minecraft.world.item.ItemStackLinkedSet$1,true
196,net.minecraft.world.item.CreativeModeTab,m_260957_,true,it.unimi.dsi.fastutil.objects.ObjectLinkedOpenCustomHashSet,11,net.minecraft.world.item.ItemStackLinkedSet$1,true
197,net.minecraft.world.item.CreativeModeTab,m_261235_,true,it.unimi.dsi.fastutil.objects.ObjectLinkedOpenCustomHashSet,13,net.minecraft.world.item.ItemStackLinkedSet$1,true
197,net.minecraft.world.item.CreativeModeTab,m_260957_,true,it.unimi.dsi.fastutil.objects.ObjectLinkedOpenCustomHashSet,13,net.minecraft.world.item.ItemStackLinkedSet$1,true
198,net.minecraft.world.item.CreativeModeTab,m_261235_,true,it.unimi.dsi.fastutil.objects.ObjectLinkedOpenCustomHashSet,3,net.minecraft.world.item.ItemStackLinkedSet$1,true
198,net.minecraft.world.item.CreativeModeTab,m_260957_,true,it.unimi.dsi.fastutil.objects.ObjectLinkedOpenCustomHashSet,3,net.minecraft.world.item.ItemStackLinkedSet$1,true
199,net.minecraft.world.item.CreativeModeTab,m_261235_,true,it.unimi.dsi.fastutil.objects.ObjectLinkedOpenCustomHashSet,7,net.minecraft.world.item.ItemStackLinkedSet$1,true
199,net.minecraft.world.item.CreativeModeTab,m_260957_,true,it.unimi.dsi.fastutil.objects.ObjectLinkedOpenCustomHashSet,7,net.minecraft.world.item.ItemStackLinkedSet$1,true
200,net.minecraft.world.item.CreativeModeTab,m_261235_,true,it.unimi.dsi.fastutil.objects.ObjectLinkedOpenCustomHashSet,5,net.minecraft.world.item.ItemStackLinkedSet$1,true
200,net.minecraft.world.item.CreativeModeTab,m_260957_,true,it.unimi.dsi.fastutil.objects.ObjectLinkedOpenCustomHashSet,5,net.minecraft.world.item.ItemStackLinkedSet$1,true
201,net.minecraft.world.item.CreativeModeTab,m_261235_,true,it.unimi.dsi.fastutil.objects.ObjectLinkedOpenCustomHashSet,15,net.minecraft.world.item.ItemStackLinkedSet$1,true
201,net.minecraft.world.item.CreativeModeTab,m_260957_,true,it.unimi.dsi.fastutil.objects.ObjectLinkedOpenCustomHashSet,15,net.minecraft.world.item.ItemStackLinkedSet$1,true
202,net.minecraft.world.item.CreativeModeTab,m_261235_,true,it.unimi.dsi.fastutil.objects.ObjectLinkedOpenCustomHashSet,4,net.minecraft.world.item.ItemStackLinkedSet$1,true
202,net.minecraft.world.item.CreativeModeTab,m_260957_,true,it.unimi.dsi.fastutil.objects.ObjectLinkedOpenCustomHashSet,4,net.minecraft.world.item.ItemStackLinkedSet$1,true
203,net.minecraft.world.item.CreativeModeTab,m_261235_,true,it.unimi.dsi.fastutil.objects.ObjectLinkedOpenCustomHashSet,5,net.minecraft.world.item.ItemStackLinkedSet$1,true
203,net.minecraft.world.item.CreativeModeTab,m_260957_,true,it.unimi.dsi.fastutil.objects.ObjectLinkedOpenCustomHashSet,5,net.minecraft.world.item.ItemStackLinkedSet$1,true
204,net.minecraft.world.item.CreativeModeTab,m_261235_,true,it.unimi.dsi.fastutil.objects.ObjectLinkedOpenCustomHashSet,2,net.minecraft.world.item.ItemStackLinkedSet$1,true
204,net.minecraft.world.item.CreativeModeTab,m_260957_,true,it.unimi.dsi.fastutil.objects.ObjectLinkedOpenCustomHashSet,2,net.minecraft.world.item.ItemStackLinkedSet$1,true
205,net.minecraft.world.item.CreativeModeTab,m_261235_,true,it.unimi.dsi.fastutil.objects.ObjectLinkedOpenCustomHashSet,3,net.minecraft.world.item.ItemStackLinkedSet$1,true
205,net.minecraft.world.item.CreativeModeTab,m_260957_,true,it.unimi.dsi.fastutil.objects.ObjectLinkedOpenCustomHashSet,3,net.minecraft.world.item.ItemStackLinkedSet$1,true
206,net.minecraft.world.item.CreativeModeTab,m_261235_,true,it.unimi.dsi.fastutil.objects.ObjectLinkedOpenCustomHashSet,80,net.minecraft.world.item.ItemStackLinkedSet$1,true
206,net.minecraft.world.item.CreativeModeTab,m_260957_,true,it.unimi.dsi.fastutil.objects.ObjectLinkedOpenCustomHashSet,80,net.minecraft.world.item.ItemStackLinkedSet$1,true
207,net.minecraft.world.item.CreativeModeTab,m_261235_,true,it.unimi.dsi.fastutil.objects.ObjectLinkedOpenCustomHashSet,30,net.minecraft.world.item.ItemStackLinkedSet$1,true
207,net.minecraft.world.item.CreativeModeTab,m_260957_,true,it.unimi.dsi.fastutil.objects.ObjectLinkedOpenCustomHashSet,30,net.minecraft.world.item.ItemStackLinkedSet$1,true
208,net.minecraft.world.item.CreativeModeTab,m_261235_,true,it.unimi.dsi.fastutil.objects.ObjectLinkedOpenCustomHashSet,6,net.minecraft.world.item.ItemStackLinkedSet$1,true
208,net.minecraft.world.item.CreativeModeTab,m_260957_,true,it.unimi.dsi.fastutil.objects.ObjectLinkedOpenCustomHashSet,6,net.minecraft.world.item.ItemStackLinkedSet$1,true
209,net.minecraft.world.item.CreativeModeTab,m_261235_,true,it.unimi.dsi.fastutil.objects.ObjectLinkedOpenCustomHashSet,36,net.minecraft.world.item.ItemStackLinkedSet$1,true
209,net.minecraft.world.item.CreativeModeTab,m_260957_,true,it.unimi.dsi.fastutil.objects.ObjectLinkedOpenCustomHashSet,36,net.minecraft.world.item.ItemStackLinkedSet$1,true
210,net.minecraft.world.item.CreativeModeTab,m_261235_,true,it.unimi.dsi.fastutil.objects.ObjectLinkedOpenCustomHashSet,100,net.minecraft.world.item.ItemStackLinkedSet$1,true
210,net.minecraft.world.item.CreativeModeTab,m_260957_,true,it.unimi.dsi.fastutil.objects.ObjectLinkedOpenCustomHashSet,100,net.minecraft.world.item.ItemStackLinkedSet$1,true
211,net.minecraft.world.item.CreativeModeTab,m_261235_,true,it.unimi.dsi.fastutil.objects.ObjectLinkedOpenCustomHashSet,16,net.minecraft.world.item.ItemStackLinkedSet$1,true
211,net.minecraft.world.item.CreativeModeTab,m_260957_,true,it.unimi.dsi.fastutil.objects.ObjectLinkedOpenCustomHashSet,16,net.minecraft.world.item.ItemStackLinkedSet$1,true
212,net.minecraft.world.item.CreativeModeTab,m_261235_,true,it.unimi.dsi.fastutil.objects.ObjectLinkedOpenCustomHashSet,33,net.minecraft.world.item.ItemStackLinkedSet$1,true
212,net.minecraft.world.item.CreativeModeTab,m_260957_,true,it.unimi.dsi.fastutil.objects.ObjectLinkedOpenCustomHashSet,33,net.minecraft.world.item.ItemStackLinkedSet$1,true
213,net.minecraft.world.item.CreativeModeTab,m_261235_,true,it.unimi.dsi.fastutil.objects.ObjectLinkedOpenCustomHashSet,36,net.minecraft.world.item.ItemStackLinkedSet$1,true
213,net.minecraft.world.item.CreativeModeTab,m_260957_,true,it.unimi.dsi.fastutil.objects.ObjectLinkedOpenCustomHashSet,36,net.minecraft.world.item.ItemStackLinkedSet$1,true
214,net.minecraft.world.item.CreativeModeTab,m_261235_,true,it.unimi.dsi.fastutil.objects.ObjectLinkedOpenCustomHashSet,71,net.minecraft.world.item.ItemStackLinkedSet$1,true
214,net.minecraft.world.item.CreativeModeTab,m_260957_,true,it.unimi.dsi.fastutil.objects.ObjectLinkedOpenCustomHashSet,71,net.minecraft.world.item.ItemStackLinkedSet$1,true
215,net.minecraft.world.item.CreativeModeTab,m_261235_,true,it.unimi.dsi.fastutil.objects.ObjectLinkedOpenCustomHashSet,124,net.minecraft.world.item.ItemStackLinkedSet$1,true
215,net.minecraft.world.item.CreativeModeTab,m_260957_,true,it.unimi.dsi.fastutil.objects.ObjectLinkedOpenCustomHashSet,124,net.minecraft.world.item.ItemStackLinkedSet$1,true
216,net.minecraft.world.item.CreativeModeTab,m_261235_,true,it.unimi.dsi.fastutil.objects.ObjectLinkedOpenCustomHashSet,102,net.minecraft.world.item.ItemStackLinkedSet$1,true
216,net.minecraft.world.item.CreativeModeTab,m_260957_,true,it.unimi.dsi.fastutil.objects.ObjectLinkedOpenCustomHashSet,102,net.minecraft.world.item.ItemStackLinkedSet$1,true
217,net.minecraft.world.item.CreativeModeTab,m_261235_,true,it.unimi.dsi.fastutil.objects.ObjectLinkedOpenCustomHashSet,106,net.minecraft.world.item.ItemStackLinkedSet$1,true
217,net.minecraft.world.item.CreativeModeTab,m_260957_,true,it.unimi.dsi.fastutil.objects.ObjectLinkedOpenCustomHashSet,106,net.minecraft.world.item.ItemStackLinkedSet$1,true
218,net.minecraft.world.item.CreativeModeTab,m_261235_,true,it.unimi.dsi.fastutil.objects.ObjectLinkedOpenCustomHashSet,96,net.minecraft.world.item.ItemStackLinkedSet$1,true
218,net.minecraft.world.item.CreativeModeTab,m_260957_,true,it.unimi.dsi.fastutil.objects.ObjectLinkedOpenCustomHashSet,96,net.minecraft.world.item.ItemStackLinkedSet$1,true
219,net.minecraft.world.item.CreativeModeTab,m_261235_,true,it.unimi.dsi.fastutil.objects.ObjectLinkedOpenCustomHashSet,337,net.minecraft.world.item.ItemStackLinkedSet$1,true
219,net.minecraft.world.item.CreativeModeTab,m_260957_,true,it.unimi.dsi.fastutil.objects.ObjectLinkedOpenCustomHashSet,337,net.minecraft.world.item.ItemStackLinkedSet$1,true
220,net.minecraft.world.item.CreativeModeTab,m_261235_,true,it.unimi.dsi.fastutil.objects.ObjectLinkedOpenCustomHashSet,722,net.minecraft.world.item.ItemStackLinkedSet$1,true
220,net.minecraft.world.item.CreativeModeTab,m_260957_,true,it.unimi.dsi.fastutil.objects.ObjectLinkedOpenCustomHashSet,722,net.minecraft.world.item.ItemStackLinkedSet$1,true
221,net.minecraft.world.item.CreativeModeTab,m_261235_,true,it.unimi.dsi.fastutil.objects.ObjectLinkedOpenCustomHashSet,5,net.minecraft.world.item.ItemStackLinkedSet$1,true
221,net.minecraft.world.item.CreativeModeTab,m_260957_,true,it.unimi.dsi.fastutil.objects.ObjectLinkedOpenCustomHashSet,5,net.minecraft.world.item.ItemStackLinkedSet$1,true
222,net.minecraft.world.item.CreativeModeTab,m_261235_,true,it.unimi.dsi.fastutil.objects.ObjectLinkedOpenCustomHashSet,33,net.minecraft.world.item.ItemStackLinkedSet$1,true
222,net.minecraft.world.item.CreativeModeTab,m_260957_,true,it.unimi.dsi.fastutil.objects.ObjectLinkedOpenCustomHashSet,33,net.minecraft.world.item.ItemStackLinkedSet$1,true
223,net.minecraft.world.item.CreativeModeTab,m_261235_,true,it.unimi.dsi.fastutil.objects.ObjectLinkedOpenCustomHashSet,169,net.minecraft.world.item.ItemStackLinkedSet$1,true
223,net.minecraft.world.item.CreativeModeTab,m_260957_,true,it.unimi.dsi.fastutil.objects.ObjectLinkedOpenCustomHashSet,169,net.minecraft.world.item.ItemStackLinkedSet$1,true
224,net.minecraft.world.item.CreativeModeTab,m_261235_,true,it.unimi.dsi.fastutil.objects.ObjectLinkedOpenCustomHashSet,275,net.minecraft.world.item.ItemStackLinkedSet$1,true
224,net.minecraft.world.item.CreativeModeTab,m_260957_,true,it.unimi.dsi.fastutil.objects.ObjectLinkedOpenCustomHashSet,213,net.minecraft.world.item.ItemStackLinkedSet$1,true
225,net.minecraft.world.item.CreativeModeTab,m_261235_,true,it.unimi.dsi.fastutil.objects.ObjectLinkedOpenCustomHashSet,392,net.minecraft.world.item.ItemStackLinkedSet$1,true
225,net.minecraft.world.item.CreativeModeTab,m_260957_,true,it.unimi.dsi.fastutil.objects.ObjectLinkedOpenCustomHashSet,377,net.minecraft.world.item.ItemStackLinkedSet$1,true
226,net.minecraft.world.item.CreativeModeTab,m_261235_,true,it.unimi.dsi.fastutil.objects.ObjectLinkedOpenCustomHashSet,53,net.minecraft.world.item.ItemStackLinkedSet$1,true
226,net.minecraft.world.item.CreativeModeTab,m_260957_,true,it.unimi.dsi.fastutil.objects.ObjectLinkedOpenCustomHashSet,53,net.minecraft.world.item.ItemStackLinkedSet$1,true
227,net.minecraft.world.item.CreativeModeTab,m_261235_,true,it.unimi.dsi.fastutil.objects.ObjectLinkedOpenCustomHashSet,1,net.minecraft.world.item.ItemStackLinkedSet$1,true
227,net.minecraft.world.item.CreativeModeTab,m_260957_,true,it.unimi.dsi.fastutil.objects.ObjectLinkedOpenCustomHashSet,1,net.minecraft.world.item.ItemStackLinkedSet$1,true
228,net.minecraft.world.item.CreativeModeTab,m_261235_,true,it.unimi.dsi.fastutil.objects.ObjectLinkedOpenCustomHashSet,34,net.minecraft.world.item.ItemStackLinkedSet$1,true
228,net.minecraft.world.item.CreativeModeTab,m_260957_,true,it.unimi.dsi.fastutil.objects.ObjectLinkedOpenCustomHashSet,34,net.minecraft.world.item.ItemStackLinkedSet$1,true
229,net.minecraft.world.item.CreativeModeTab,m_261235_,true,it.unimi.dsi.fastutil.objects.ObjectLinkedOpenCustomHashSet,14,net.minecraft.world.item.ItemStackLinkedSet$1,true
229,net.minecraft.world.item.CreativeModeTab,m_260957_,true,it.unimi.dsi.fastutil.objects.ObjectLinkedOpenCustomHashSet,14,net.minecraft.world.item.ItemStackLinkedSet$1,true
230,net.minecraft.world.item.CreativeModeTab,m_261235_,true,it.unimi.dsi.fastutil.objects.ObjectLinkedOpenCustomHashSet,12,net.minecraft.world.item.ItemStackLinkedSet$1,true
230,net.minecraft.world.item.CreativeModeTab,m_260957_,true,it.unimi.dsi.fastutil.objects.ObjectLinkedOpenCustomHashSet,12,net.minecraft.world.item.ItemStackLinkedSet$1,true
231,net.minecraft.world.item.CreativeModeTab,m_261235_,true,it.unimi.dsi.fastutil.objects.ObjectLinkedOpenCustomHashSet,15,net.minecraft.world.item.ItemStackLinkedSet$1,true
231,net.minecraft.world.item.CreativeModeTab,m_260957_,true,it.unimi.dsi.fastutil.objects.ObjectLinkedOpenCustomHashSet,15,net.minecraft.world.item.ItemStackLinkedSet$1,true
232,net.minecraft.world.item.CreativeModeTab,m_261235_,true,it.unimi.dsi.fastutil.objects.ObjectLinkedOpenCustomHashSet,38,net.minecraft.world.item.ItemStackLinkedSet$1,true
232,net.minecraft.world.item.CreativeModeTab,m_260957_,true,it.unimi.dsi.fastutil.objects.ObjectLinkedOpenCustomHashSet,38,net.minecraft.world.item.ItemStackLinkedSet$1,true
233,net.minecraft.world.item.CreativeModeTab,m_261235_,true,it.unimi.dsi.fastutil.objects.ObjectLinkedOpenCustomHashSet,18,net.minecraft.world.item.ItemStackLinkedSet$1,true
233,net.minecraft.world.item.CreativeModeTab,m_260957_,true,it.unimi.dsi.fastutil.objects.ObjectLinkedOpenCustomHashSet,18,net.minecraft.world.item.ItemStackLinkedSet$1,true
234,net.minecraft.world.item.CreativeModeTab,m_261235_,true,it.unimi.dsi.fastutil.objects.ObjectLinkedOpenCustomHashSet,18,net.minecraft.world.item.ItemStackLinkedSet$1,true
234,net.minecraft.world.item.CreativeModeTab,m_260957_,true,it.unimi.dsi.fastutil.objects.ObjectLinkedOpenCustomHashSet,18,net.minecraft.world.item.ItemStackLinkedSet$1,true
235,net.minecraft.world.item.CreativeModeTab,m_261235_,true,it.unimi.dsi.fastutil.objects.ObjectLinkedOpenCustomHashSet,22,net.minecraft.world.item.ItemStackLinkedSet$1,true
235,net.minecraft.world.item.CreativeModeTab,m_260957_,true,it.unimi.dsi.fastutil.objects.ObjectLinkedOpenCustomHashSet,22,net.minecraft.world.item.ItemStackLinkedSet$1,true
236,net.minecraft.world.item.CreativeModeTab,m_261235_,true,it.unimi.dsi.fastutil.objects.ObjectLinkedOpenCustomHashSet,70,net.minecraft.world.item.ItemStackLinkedSet$1,true
236,net.minecraft.world.item.CreativeModeTab,m_260957_,true,it.unimi.dsi.fastutil.objects.ObjectLinkedOpenCustomHashSet,70,net.minecraft.world.item.ItemStackLinkedSet$1,true
237,net.minecraft.world.item.CreativeModeTab,m_261235_,true,it.unimi.dsi.fastutil.objects.ObjectLinkedOpenCustomHashSet,32,net.minecraft.world.item.ItemStackLinkedSet$1,true
237,net.minecraft.world.item.CreativeModeTab,m_260957_,true,it.unimi.dsi.fastutil.objects.ObjectLinkedOpenCustomHashSet,32,net.minecraft.world.item.ItemStackLinkedSet$1,true
238,net.minecraft.world.item.CreativeModeTab,m_261235_,true,it.unimi.dsi.fastutil.objects.ObjectLinkedOpenCustomHashSet,4592,net.minecraft.world.item.ItemStackLinkedSet$1,true
238,net.minecraft.world.item.CreativeModeTab,m_260957_,true,it.unimi.dsi.fastutil.objects.ObjectLinkedOpenCustomHashSet,4592,net.minecraft.world.item.ItemStackLinkedSet$1,true
239,net.minecraft.world.item.CreativeModeTab,m_261235_,true,it.unimi.dsi.fastutil.objects.ObjectLinkedOpenCustomHashSet,0,net.minecraft.world.item.ItemStackLinkedSet$1,true
239,net.minecraft.world.item.CreativeModeTab,m_260957_,true,it.unimi.dsi.fastutil.objects.ObjectLinkedOpenCustomHashSet,0,net.minecraft.world.item.ItemStackLinkedSet$1,true
240,net.minecraft.world.item.CreativeModeTab,m_261235_,true,it.unimi.dsi.fastutil.objects.ObjectLinkedOpenCustomHashSet,20,net.minecraft.world.item.ItemStackLinkedSet$1,true
240,net.minecraft.world.item.CreativeModeTab,m_260957_,true,it.unimi.dsi.fastutil.objects.ObjectLinkedOpenCustomHashSet,20,net.minecraft.world.item.ItemStackLinkedSet$1,true
